category,label,value,selector,element_type,has_data,page_url,page_title,tab_name,page_type
search_result_count,Hypotheses,177.9K,div#main > main > div > div > div:nth-of-type(2) > div,tab_metric,True,https://app.allsci.com/search?query=covid,AllSci,,search_results
search_result_count,Articles,1.2M,div#main > main > div > div > div:nth-of-type(2) > div:nth-of-type(2),tab_metric,True,https://app.allsci.com/search?query=covid,AllSci,,search_results
search_result_count,Clinical Trials,20.1K,div#main > main > div > div > div:nth-of-type(2) > div:nth-of-type(3),tab_metric,True,https://app.allsci.com/search?query=covid,AllSci,,search_results
search_result_count,Grants,11.8K,div#main > main > div > div > div:nth-of-type(2) > div:nth-of-type(4),tab_metric,True,https://app.allsci.com/search?query=covid,AllSci,,search_results
search_result_count,Researchers,635,div#main > main > div > div > div:nth-of-type(2) > div:nth-of-type(5),tab_metric,True,https://app.allsci.com/search?query=covid,AllSci,,search_results
search_filter,Publication Year - 2025,"1,672",div#sidebar > div > div > div:nth-of-type(2) > div > div:nth-of-type(2) > div > div:nth-of-type(2) > div > div > div > div > div > div:nth-of-type(2) > label,filter,True,https://app.allsci.com/search?query=covid,AllSci,,search_results
search_filter,Publication Year - 2024,"5,779",div#sidebar > div > div > div:nth-of-type(2) > div > div:nth-of-type(2) > div > div:nth-of-type(2) > div > div > div > div > div > div:nth-of-type(2) > label:nth-of-type(2),filter,True,https://app.allsci.com/search?query=covid,AllSci,,search_results
search_filter,Publication Year - 2023,"23,360",div#sidebar > div > div > div:nth-of-type(2) > div > div:nth-of-type(2) > div > div:nth-of-type(2) > div > div > div > div > div > div:nth-of-type(2) > label:nth-of-type(3),filter,True,https://app.allsci.com/search?query=covid,AllSci,,search_results
search_filter,Publication Year - 2022,"42,926",div#sidebar > div > div > div:nth-of-type(2) > div > div:nth-of-type(2) > div > div:nth-of-type(2) > div > div > div > div > div > div:nth-of-type(2) > label:nth-of-type(4),filter,True,https://app.allsci.com/search?query=covid,AllSci,,search_results
search_filter,Publication Year - 2021,"60,559",div#sidebar > div > div > div:nth-of-type(2) > div > div:nth-of-type(2) > div > div:nth-of-type(2) > div > div > div > div > div > div:nth-of-type(2) > label:nth-of-type(5),filter,True,https://app.allsci.com/search?query=covid,AllSci,,search_results
search_filter,Researcher - Viroj Wiwanitkit,299,div#sidebar > div > div > div:nth-of-type(2) > div > div:nth-of-type(2) > div:nth-of-type(2) > div:nth-of-type(2) > div > div > div > div > div > div:nth-of-type(2) > label,filter,True,https://app.allsci.com/search?query=covid,AllSci,,search_results
search_filter,Researcher - Jean-Marie Manus,125,div#sidebar > div > div > div:nth-of-type(2) > div > div:nth-of-type(2) > div:nth-of-type(2) > div:nth-of-type(2) > div > div > div > div > div > div:nth-of-type(2) > label:nth-of-type(2),filter,True,https://app.allsci.com/search?query=covid,AllSci,,search_results
search_filter,Researcher - Rujittika Mungmunpuntipantip,120,div#sidebar > div > div > div:nth-of-type(2) > div > div:nth-of-type(2) > div:nth-of-type(2) > div:nth-of-type(2) > div > div > div > div > div > div:nth-of-type(2) > label:nth-of-type(3),filter,True,https://app.allsci.com/search?query=covid,AllSci,,search_results
search_filter,Researcher - Giuseppe Lippi,108,div#sidebar > div > div > div:nth-of-type(2) > div > div:nth-of-type(2) > div:nth-of-type(2) > div:nth-of-type(2) > div > div > div > div > div > div:nth-of-type(2) > label:nth-of-type(4),filter,True,https://app.allsci.com/search?query=covid,AllSci,,search_results
search_filter,Researcher - Kamlesh Khunti,107,div#sidebar > div > div > div:nth-of-type(2) > div > div:nth-of-type(2) > div:nth-of-type(2) > div:nth-of-type(2) > div > div > div > div > div > div:nth-of-type(2) > label:nth-of-type(5),filter,True,https://app.allsci.com/search?query=covid,AllSci,,search_results
search_filter,Source - International Journal Of Environmental Research And Public Health,"4,941",div#sidebar > div > div > div:nth-of-type(2) > div > div:nth-of-type(2) > div:nth-of-type(3) > div:nth-of-type(2) > div > div > div > div > div > div:nth-of-type(2) > label,filter,True,https://app.allsci.com/search?query=covid,AllSci,,search_results
search_filter,Source - Plos One,"3,801",div#sidebar > div > div > div:nth-of-type(2) > div > div:nth-of-type(2) > div:nth-of-type(3) > div:nth-of-type(2) > div > div > div > div > div > div:nth-of-type(2) > label:nth-of-type(2),filter,True,https://app.allsci.com/search?query=covid,AllSci,,search_results
search_filter,Source - Cureus,"2,961",div#sidebar > div > div > div:nth-of-type(2) > div > div:nth-of-type(2) > div:nth-of-type(3) > div:nth-of-type(2) > div > div > div > div > div > div:nth-of-type(2) > label:nth-of-type(3),filter,True,https://app.allsci.com/search?query=covid,AllSci,,search_results
search_filter,Source - Scientific Reports,"2,369",div#sidebar > div > div > div:nth-of-type(2) > div > div:nth-of-type(2) > div:nth-of-type(3) > div:nth-of-type(2) > div > div > div > div > div > div:nth-of-type(2) > label:nth-of-type(4),filter,True,https://app.allsci.com/search?query=covid,AllSci,,search_results
search_filter,Source - Frontiers In Public Health,"2,310",div#sidebar > div > div > div:nth-of-type(2) > div > div:nth-of-type(2) > div:nth-of-type(3) > div:nth-of-type(2) > div > div > div > div > div > div:nth-of-type(2) > label:nth-of-type(5),filter,True,https://app.allsci.com/search?query=covid,AllSci,,search_results
button_metric,page 1,1,div#main > main > div:nth-of-type(2) > div:nth-of-type(2) > div > div:nth-of-type(68) > nav > ul > li:nth-of-type(2) > button,button,True,https://app.allsci.com/search?query=covid,AllSci,Hypotheses,search_results
button_metric,Go to page 2,2,div#main > main > div:nth-of-type(2) > div:nth-of-type(2) > div > div:nth-of-type(68) > nav > ul > li:nth-of-type(3) > button,button,True,https://app.allsci.com/search?query=covid,AllSci,Hypotheses,search_results
button_metric,Go to page 3,3,div#main > main > div:nth-of-type(2) > div:nth-of-type(2) > div > div:nth-of-type(68) > nav > ul > li:nth-of-type(4) > button,button,True,https://app.allsci.com/search?query=covid,AllSci,Hypotheses,search_results
button_metric,Go to page 4,4,div#main > main > div:nth-of-type(2) > div:nth-of-type(2) > div > div:nth-of-type(68) > nav > ul > li:nth-of-type(5) > button,button,True,https://app.allsci.com/search?query=covid,AllSci,Hypotheses,search_results
button_metric,Go to page 5,5,div#main > main > div:nth-of-type(2) > div:nth-of-type(2) > div > div:nth-of-type(68) > nav > ul > li:nth-of-type(6) > button,button,True,https://app.allsci.com/search?query=covid,AllSci,Hypotheses,search_results
button_metric,Go to page 7117,7117,div#main > main > div:nth-of-type(2) > div:nth-of-type(2) > div > div:nth-of-type(68) > nav > ul > li:nth-of-type(8) > button,button,True,https://app.allsci.com/search?query=covid,AllSci,Hypotheses,search_results
button_metric,Total citations,0,div#main > main > div:nth-of-type(2) > div > div > div > div > div:nth-of-type(2) > button,button,True,https://app.allsci.com/search?query=covid,AllSci,Articles,search_results
button_metric,Total citations,0,div#main > main > div:nth-of-type(2) > div > div > div:nth-of-type(2) > div > div:nth-of-type(2) > button,button,True,https://app.allsci.com/search?query=covid,AllSci,Articles,search_results
button_metric,Total citations,0,div#main > main > div:nth-of-type(2) > div > div > div:nth-of-type(3) > div > div:nth-of-type(2) > button,button,True,https://app.allsci.com/search?query=covid,AllSci,Articles,search_results
button_metric,Total citations,0,div#main > main > div:nth-of-type(2) > div > div > div:nth-of-type(4) > div > div:nth-of-type(2) > button,button,True,https://app.allsci.com/search?query=covid,AllSci,Articles,search_results
button_metric,Total citations,0,div#main > main > div:nth-of-type(2) > div > div > div:nth-of-type(5) > div > div:nth-of-type(2) > button,button,True,https://app.allsci.com/search?query=covid,AllSci,Articles,search_results
button_metric,Total citations,0,div#main > main > div:nth-of-type(2) > div > div > div:nth-of-type(6) > div > div:nth-of-type(2) > button,button,True,https://app.allsci.com/search?query=covid,AllSci,Articles,search_results
button_metric,Total citations,0,div#main > main > div:nth-of-type(2) > div > div > div:nth-of-type(7) > div > div:nth-of-type(2) > button,button,True,https://app.allsci.com/search?query=covid,AllSci,Articles,search_results
button_metric,Total citations,0,div#main > main > div:nth-of-type(2) > div > div > div:nth-of-type(8) > div > div:nth-of-type(2) > button,button,True,https://app.allsci.com/search?query=covid,AllSci,Articles,search_results
button_metric,Total citations,1,div#main > main > div:nth-of-type(2) > div > div > div:nth-of-type(9) > div > div:nth-of-type(2) > button,button,True,https://app.allsci.com/search?query=covid,AllSci,Articles,search_results
button_metric,Total citations,0,div#main > main > div:nth-of-type(2) > div > div > div:nth-of-type(10) > div > div:nth-of-type(2) > button,button,True,https://app.allsci.com/search?query=covid,AllSci,Articles,search_results
button_metric,Total citations,0,div#main > main > div:nth-of-type(2) > div > div > div:nth-of-type(11) > div > div:nth-of-type(2) > button,button,True,https://app.allsci.com/search?query=covid,AllSci,Articles,search_results
button_metric,Total citations,1,div#main > main > div:nth-of-type(2) > div > div > div:nth-of-type(12) > div > div:nth-of-type(2) > button,button,True,https://app.allsci.com/search?query=covid,AllSci,Articles,search_results
button_metric,Total citations,0,div#main > main > div:nth-of-type(2) > div > div > div:nth-of-type(13) > div > div:nth-of-type(2) > button,button,True,https://app.allsci.com/search?query=covid,AllSci,Articles,search_results
button_metric,Total citations,0,div#main > main > div:nth-of-type(2) > div > div > div:nth-of-type(14) > div > div:nth-of-type(2) > button,button,True,https://app.allsci.com/search?query=covid,AllSci,Articles,search_results
button_metric,Total citations,1,div#main > main > div:nth-of-type(2) > div > div > div:nth-of-type(15) > div > div:nth-of-type(2) > button,button,True,https://app.allsci.com/search?query=covid,AllSci,Articles,search_results
button_metric,Total citations,0,div#main > main > div:nth-of-type(2) > div > div > div:nth-of-type(16) > div > div:nth-of-type(2) > button,button,True,https://app.allsci.com/search?query=covid,AllSci,Articles,search_results
button_metric,Total citations,0,div#main > main > div:nth-of-type(2) > div > div > div:nth-of-type(17) > div > div:nth-of-type(2) > button,button,True,https://app.allsci.com/search?query=covid,AllSci,Articles,search_results
button_metric,Total citations,0,div#main > main > div:nth-of-type(2) > div > div > div:nth-of-type(18) > div > div:nth-of-type(2) > button,button,True,https://app.allsci.com/search?query=covid,AllSci,Articles,search_results
button_metric,Total citations,0,div#main > main > div:nth-of-type(2) > div > div > div:nth-of-type(19) > div > div:nth-of-type(2) > button,button,True,https://app.allsci.com/search?query=covid,AllSci,Articles,search_results
button_metric,Total citations,0,div#main > main > div:nth-of-type(2) > div > div > div:nth-of-type(20) > div > div:nth-of-type(2) > button,button,True,https://app.allsci.com/search?query=covid,AllSci,Articles,search_results
button_metric,Total citations,0,div#main > main > div:nth-of-type(2) > div > div > div:nth-of-type(21) > div > div:nth-of-type(2) > button,button,True,https://app.allsci.com/search?query=covid,AllSci,Articles,search_results
button_metric,Total citations,0,div#main > main > div:nth-of-type(2) > div > div > div:nth-of-type(22) > div > div:nth-of-type(2) > button,button,True,https://app.allsci.com/search?query=covid,AllSci,Articles,search_results
button_metric,Total citations,0,div#main > main > div:nth-of-type(2) > div > div > div:nth-of-type(23) > div > div:nth-of-type(2) > button,button,True,https://app.allsci.com/search?query=covid,AllSci,Articles,search_results
button_metric,Total citations,1,div#main > main > div:nth-of-type(2) > div > div > div:nth-of-type(24) > div > div:nth-of-type(2) > button,button,True,https://app.allsci.com/search?query=covid,AllSci,Articles,search_results
button_metric,Total citations,0,div#main > main > div:nth-of-type(2) > div > div > div:nth-of-type(25) > div > div:nth-of-type(2) > button,button,True,https://app.allsci.com/search?query=covid,AllSci,Articles,search_results
button_metric,page 1,1,div#main > main > div:nth-of-type(2) > div > div > div:nth-of-type(26) > nav > ul > li:nth-of-type(2) > button,button,True,https://app.allsci.com/search?query=covid,AllSci,Articles,search_results
button_metric,Go to page 2,2,div#main > main > div:nth-of-type(2) > div > div > div:nth-of-type(26) > nav > ul > li:nth-of-type(3) > button,button,True,https://app.allsci.com/search?query=covid,AllSci,Articles,search_results
button_metric,Go to page 3,3,div#main > main > div:nth-of-type(2) > div > div > div:nth-of-type(26) > nav > ul > li:nth-of-type(4) > button,button,True,https://app.allsci.com/search?query=covid,AllSci,Articles,search_results
button_metric,Go to page 4,4,div#main > main > div:nth-of-type(2) > div > div > div:nth-of-type(26) > nav > ul > li:nth-of-type(5) > button,button,True,https://app.allsci.com/search?query=covid,AllSci,Articles,search_results
button_metric,Go to page 5,5,div#main > main > div:nth-of-type(2) > div > div > div:nth-of-type(26) > nav > ul > li:nth-of-type(6) > button,button,True,https://app.allsci.com/search?query=covid,AllSci,Articles,search_results
button_metric,Go to page 50507,50507,div#main > main > div:nth-of-type(2) > div > div > div:nth-of-type(26) > nav > ul > li:nth-of-type(8) > button,button,True,https://app.allsci.com/search?query=covid,AllSci,Articles,search_results
button_metric,page 1,1,div#main > main > div:nth-of-type(2) > div:nth-of-type(3) > div > div:nth-of-type(26) > nav > ul > li:nth-of-type(2) > button,button,True,https://app.allsci.com/search?query=covid,AllSci,Clinical Trials,search_results
button_metric,Go to page 2,2,div#main > main > div:nth-of-type(2) > div:nth-of-type(3) > div > div:nth-of-type(26) > nav > ul > li:nth-of-type(3) > button,button,True,https://app.allsci.com/search?query=covid,AllSci,Clinical Trials,search_results
button_metric,Go to page 3,3,div#main > main > div:nth-of-type(2) > div:nth-of-type(3) > div > div:nth-of-type(26) > nav > ul > li:nth-of-type(4) > button,button,True,https://app.allsci.com/search?query=covid,AllSci,Clinical Trials,search_results
button_metric,Go to page 4,4,div#main > main > div:nth-of-type(2) > div:nth-of-type(3) > div > div:nth-of-type(26) > nav > ul > li:nth-of-type(5) > button,button,True,https://app.allsci.com/search?query=covid,AllSci,Clinical Trials,search_results
button_metric,Go to page 5,5,div#main > main > div:nth-of-type(2) > div:nth-of-type(3) > div > div:nth-of-type(26) > nav > ul > li:nth-of-type(6) > button,button,True,https://app.allsci.com/search?query=covid,AllSci,Clinical Trials,search_results
button_metric,Go to page 808,808,div#main > main > div:nth-of-type(2) > div:nth-of-type(3) > div > div:nth-of-type(26) > nav > ul > li:nth-of-type(8) > button,button,True,https://app.allsci.com/search?query=covid,AllSci,Clinical Trials,search_results
button_metric,Total funding,$1.4M,div#main > main > div:nth-of-type(2) > div:nth-of-type(4) > div > div > div > div:nth-of-type(2) > button,button,True,https://app.allsci.com/search?query=covid,AllSci,Grants,search_results
button_metric,Total funding,$211K,div#main > main > div:nth-of-type(2) > div:nth-of-type(4) > div > div:nth-of-type(2) > div > div:nth-of-type(2) > button,button,True,https://app.allsci.com/search?query=covid,AllSci,Grants,search_results
button_metric,Total funding,$147K,div#main > main > div:nth-of-type(2) > div:nth-of-type(4) > div > div:nth-of-type(4) > div > div:nth-of-type(2) > button,button,True,https://app.allsci.com/search?query=covid,AllSci,Grants,search_results
button_metric,Total funding,$146K,div#main > main > div:nth-of-type(2) > div:nth-of-type(4) > div > div:nth-of-type(5) > div > div:nth-of-type(2) > button,button,True,https://app.allsci.com/search?query=covid,AllSci,Grants,search_results
button_metric,Total funding,$210K,div#main > main > div:nth-of-type(2) > div:nth-of-type(4) > div > div:nth-of-type(6) > div > div:nth-of-type(2) > button,button,True,https://app.allsci.com/search?query=covid,AllSci,Grants,search_results
button_metric,Total funding,$1.0M,div#main > main > div:nth-of-type(2) > div:nth-of-type(4) > div > div:nth-of-type(7) > div > div:nth-of-type(2) > button,button,True,https://app.allsci.com/search?query=covid,AllSci,Grants,search_results
button_metric,Total funding,$231K,div#main > main > div:nth-of-type(2) > div:nth-of-type(4) > div > div:nth-of-type(8) > div > div:nth-of-type(2) > button,button,True,https://app.allsci.com/search?query=covid,AllSci,Grants,search_results
button_metric,Total funding,$438K,div#main > main > div:nth-of-type(2) > div:nth-of-type(4) > div > div:nth-of-type(11) > div > div:nth-of-type(2) > button,button,True,https://app.allsci.com/search?query=covid,AllSci,Grants,search_results
button_metric,Total funding,$713K,div#main > main > div:nth-of-type(2) > div:nth-of-type(4) > div > div:nth-of-type(12) > div > div:nth-of-type(2) > button,button,True,https://app.allsci.com/search?query=covid,AllSci,Grants,search_results
button_metric,Total funding,$156K,div#main > main > div:nth-of-type(2) > div:nth-of-type(4) > div > div:nth-of-type(13) > div > div:nth-of-type(2) > button,button,True,https://app.allsci.com/search?query=covid,AllSci,Grants,search_results
button_metric,Total funding,$522K,div#main > main > div:nth-of-type(2) > div:nth-of-type(4) > div > div:nth-of-type(14) > div > div:nth-of-type(2) > button,button,True,https://app.allsci.com/search?query=covid,AllSci,Grants,search_results
button_metric,Total funding,$255K,div#main > main > div:nth-of-type(2) > div:nth-of-type(4) > div > div:nth-of-type(16) > div > div:nth-of-type(2) > button,button,True,https://app.allsci.com/search?query=covid,AllSci,Grants,search_results
button_metric,Total funding,$1.0M,div#main > main > div:nth-of-type(2) > div:nth-of-type(4) > div > div:nth-of-type(17) > div > div:nth-of-type(2) > button,button,True,https://app.allsci.com/search?query=covid,AllSci,Grants,search_results
button_metric,Total funding,$579K,div#main > main > div:nth-of-type(2) > div:nth-of-type(4) > div > div:nth-of-type(18) > div > div:nth-of-type(2) > button,button,True,https://app.allsci.com/search?query=covid,AllSci,Grants,search_results
button_metric,Total funding,$169K,div#main > main > div:nth-of-type(2) > div:nth-of-type(4) > div > div:nth-of-type(19) > div > div:nth-of-type(2) > button,button,True,https://app.allsci.com/search?query=covid,AllSci,Grants,search_results
button_metric,Total funding,$595K,div#main > main > div:nth-of-type(2) > div:nth-of-type(4) > div > div:nth-of-type(20) > div > div:nth-of-type(2) > button,button,True,https://app.allsci.com/search?query=covid,AllSci,Grants,search_results
button_metric,Total funding,$183K,div#main > main > div:nth-of-type(2) > div:nth-of-type(4) > div > div:nth-of-type(21) > div > div:nth-of-type(2) > button,button,True,https://app.allsci.com/search?query=covid,AllSci,Grants,search_results
button_metric,Total funding,$1.1M,div#main > main > div:nth-of-type(2) > div:nth-of-type(4) > div > div:nth-of-type(22) > div > div:nth-of-type(2) > button,button,True,https://app.allsci.com/search?query=covid,AllSci,Grants,search_results
button_metric,Total funding,$3.0M,div#main > main > div:nth-of-type(2) > div:nth-of-type(4) > div > div:nth-of-type(23) > div > div:nth-of-type(2) > button,button,True,https://app.allsci.com/search?query=covid,AllSci,Grants,search_results
button_metric,Total funding,$245K,div#main > main > div:nth-of-type(2) > div:nth-of-type(4) > div > div:nth-of-type(24) > div > div:nth-of-type(2) > button,button,True,https://app.allsci.com/search?query=covid,AllSci,Grants,search_results
button_metric,Total funding,$540K,div#main > main > div:nth-of-type(2) > div:nth-of-type(4) > div > div:nth-of-type(25) > div > div:nth-of-type(2) > button,button,True,https://app.allsci.com/search?query=covid,AllSci,Grants,search_results
button_metric,page 1,1,div#main > main > div:nth-of-type(2) > div:nth-of-type(4) > div > div:nth-of-type(26) > nav > ul > li:nth-of-type(2) > button,button,True,https://app.allsci.com/search?query=covid,AllSci,Grants,search_results
button_metric,Go to page 2,2,div#main > main > div:nth-of-type(2) > div:nth-of-type(4) > div > div:nth-of-type(26) > nav > ul > li:nth-of-type(3) > button,button,True,https://app.allsci.com/search?query=covid,AllSci,Grants,search_results
button_metric,Go to page 3,3,div#main > main > div:nth-of-type(2) > div:nth-of-type(4) > div > div:nth-of-type(26) > nav > ul > li:nth-of-type(4) > button,button,True,https://app.allsci.com/search?query=covid,AllSci,Grants,search_results
button_metric,Go to page 4,4,div#main > main > div:nth-of-type(2) > div:nth-of-type(4) > div > div:nth-of-type(26) > nav > ul > li:nth-of-type(5) > button,button,True,https://app.allsci.com/search?query=covid,AllSci,Grants,search_results
button_metric,Go to page 5,5,div#main > main > div:nth-of-type(2) > div:nth-of-type(4) > div > div:nth-of-type(26) > nav > ul > li:nth-of-type(6) > button,button,True,https://app.allsci.com/search?query=covid,AllSci,Grants,search_results
button_metric,Go to page 473,473,div#main > main > div:nth-of-type(2) > div:nth-of-type(4) > div > div:nth-of-type(26) > nav > ul > li:nth-of-type(8) > button,button,True,https://app.allsci.com/search?query=covid,AllSci,Grants,search_results
button_metric,Total contributions,1,div#main > main > div:nth-of-type(2) > div:nth-of-type(5) > div > div > div > div > div > div > button:nth-of-type(2),button,True,https://app.allsci.com/search?query=covid,AllSci,Researchers,search_results
button_metric,Total citations,0,div#main > main > div:nth-of-type(2) > div:nth-of-type(5) > div > div > div > div > div > div > button:nth-of-type(3),button,True,https://app.allsci.com/search?query=covid,AllSci,Researchers,search_results
button_metric,H-index,0,div#main > main > div:nth-of-type(2) > div:nth-of-type(5) > div > div > div > div > div > div > button:nth-of-type(4),button,True,https://app.allsci.com/search?query=covid,AllSci,Researchers,search_results
button_metric,Total contributions,1,div#main > main > div:nth-of-type(2) > div:nth-of-type(5) > div > div:nth-of-type(2) > div > div > div > div > button:nth-of-type(2),button,True,https://app.allsci.com/search?query=covid,AllSci,Researchers,search_results
button_metric,Total citations,0,div#main > main > div:nth-of-type(2) > div:nth-of-type(5) > div > div:nth-of-type(2) > div > div > div > div > button:nth-of-type(3),button,True,https://app.allsci.com/search?query=covid,AllSci,Researchers,search_results
button_metric,H-index,0,div#main > main > div:nth-of-type(2) > div:nth-of-type(5) > div > div:nth-of-type(2) > div > div > div > div > button:nth-of-type(4),button,True,https://app.allsci.com/search?query=covid,AllSci,Researchers,search_results
button_metric,Total contributions,1,div#main > main > div:nth-of-type(2) > div:nth-of-type(5) > div > div:nth-of-type(3) > div > div > div > div > button:nth-of-type(2),button,True,https://app.allsci.com/search?query=covid,AllSci,Researchers,search_results
button_metric,Total citations,0,div#main > main > div:nth-of-type(2) > div:nth-of-type(5) > div > div:nth-of-type(3) > div > div > div > div > button:nth-of-type(3),button,True,https://app.allsci.com/search?query=covid,AllSci,Researchers,search_results
button_metric,H-index,0,div#main > main > div:nth-of-type(2) > div:nth-of-type(5) > div > div:nth-of-type(3) > div > div > div > div > button:nth-of-type(4),button,True,https://app.allsci.com/search?query=covid,AllSci,Researchers,search_results
button_metric,Total contributions,1,div#main > main > div:nth-of-type(2) > div:nth-of-type(5) > div > div:nth-of-type(4) > div > div > div > div > button:nth-of-type(2),button,True,https://app.allsci.com/search?query=covid,AllSci,Researchers,search_results
button_metric,Total citations,0,div#main > main > div:nth-of-type(2) > div:nth-of-type(5) > div > div:nth-of-type(4) > div > div > div > div > button:nth-of-type(3),button,True,https://app.allsci.com/search?query=covid,AllSci,Researchers,search_results
button_metric,H-index,0,div#main > main > div:nth-of-type(2) > div:nth-of-type(5) > div > div:nth-of-type(4) > div > div > div > div > button:nth-of-type(4),button,True,https://app.allsci.com/search?query=covid,AllSci,Researchers,search_results
button_metric,Total contributions,1,div#main > main > div:nth-of-type(2) > div:nth-of-type(5) > div > div:nth-of-type(5) > div > div > div > div > button:nth-of-type(2),button,True,https://app.allsci.com/search?query=covid,AllSci,Researchers,search_results
button_metric,Total citations,0,div#main > main > div:nth-of-type(2) > div:nth-of-type(5) > div > div:nth-of-type(5) > div > div > div > div > button:nth-of-type(3),button,True,https://app.allsci.com/search?query=covid,AllSci,Researchers,search_results
button_metric,H-index,0,div#main > main > div:nth-of-type(2) > div:nth-of-type(5) > div > div:nth-of-type(5) > div > div > div > div > button:nth-of-type(4),button,True,https://app.allsci.com/search?query=covid,AllSci,Researchers,search_results
button_metric,Total contributions,2,div#main > main > div:nth-of-type(2) > div:nth-of-type(5) > div > div:nth-of-type(6) > div > div > div > div > button:nth-of-type(2),button,True,https://app.allsci.com/search?query=covid,AllSci,Researchers,search_results
button_metric,Total citations,2,div#main > main > div:nth-of-type(2) > div:nth-of-type(5) > div > div:nth-of-type(6) > div > div > div > div > button:nth-of-type(3),button,True,https://app.allsci.com/search?query=covid,AllSci,Researchers,search_results
button_metric,H-index,1,div#main > main > div:nth-of-type(2) > div:nth-of-type(5) > div > div:nth-of-type(6) > div > div > div > div > button:nth-of-type(4),button,True,https://app.allsci.com/search?query=covid,AllSci,Researchers,search_results
button_metric,Total contributions,1,div#main > main > div:nth-of-type(2) > div:nth-of-type(5) > div > div:nth-of-type(7) > div > div > div > div > button:nth-of-type(2),button,True,https://app.allsci.com/search?query=covid,AllSci,Researchers,search_results
button_metric,Total citations,0,div#main > main > div:nth-of-type(2) > div:nth-of-type(5) > div > div:nth-of-type(7) > div > div > div > div > button:nth-of-type(3),button,True,https://app.allsci.com/search?query=covid,AllSci,Researchers,search_results
button_metric,H-index,0,div#main > main > div:nth-of-type(2) > div:nth-of-type(5) > div > div:nth-of-type(7) > div > div > div > div > button:nth-of-type(4),button,True,https://app.allsci.com/search?query=covid,AllSci,Researchers,search_results
button_metric,Total contributions,1,div#main > main > div:nth-of-type(2) > div:nth-of-type(5) > div > div:nth-of-type(8) > div > div > div > div > button:nth-of-type(2),button,True,https://app.allsci.com/search?query=covid,AllSci,Researchers,search_results
button_metric,Total citations,0,div#main > main > div:nth-of-type(2) > div:nth-of-type(5) > div > div:nth-of-type(8) > div > div > div > div > button:nth-of-type(3),button,True,https://app.allsci.com/search?query=covid,AllSci,Researchers,search_results
button_metric,H-index,0,div#main > main > div:nth-of-type(2) > div:nth-of-type(5) > div > div:nth-of-type(8) > div > div > div > div > button:nth-of-type(4),button,True,https://app.allsci.com/search?query=covid,AllSci,Researchers,search_results
button_metric,Total contributions,1,div#main > main > div:nth-of-type(2) > div:nth-of-type(5) > div > div:nth-of-type(9) > div > div > div > div > button:nth-of-type(2),button,True,https://app.allsci.com/search?query=covid,AllSci,Researchers,search_results
button_metric,Total citations,0,div#main > main > div:nth-of-type(2) > div:nth-of-type(5) > div > div:nth-of-type(9) > div > div > div > div > button:nth-of-type(3),button,True,https://app.allsci.com/search?query=covid,AllSci,Researchers,search_results
button_metric,H-index,0,div#main > main > div:nth-of-type(2) > div:nth-of-type(5) > div > div:nth-of-type(9) > div > div > div > div > button:nth-of-type(4),button,True,https://app.allsci.com/search?query=covid,AllSci,Researchers,search_results
button_metric,Total contributions,1,div#main > main > div:nth-of-type(2) > div:nth-of-type(5) > div > div:nth-of-type(10) > div > div > div > div > button:nth-of-type(2),button,True,https://app.allsci.com/search?query=covid,AllSci,Researchers,search_results
button_metric,Total citations,0,div#main > main > div:nth-of-type(2) > div:nth-of-type(5) > div > div:nth-of-type(10) > div > div > div > div > button:nth-of-type(3),button,True,https://app.allsci.com/search?query=covid,AllSci,Researchers,search_results
button_metric,H-index,0,div#main > main > div:nth-of-type(2) > div:nth-of-type(5) > div > div:nth-of-type(10) > div > div > div > div > button:nth-of-type(4),button,True,https://app.allsci.com/search?query=covid,AllSci,Researchers,search_results
button_metric,Total contributions,1,div#main > main > div:nth-of-type(2) > div:nth-of-type(5) > div > div:nth-of-type(11) > div > div > div > div > button:nth-of-type(2),button,True,https://app.allsci.com/search?query=covid,AllSci,Researchers,search_results
button_metric,Total citations,0,div#main > main > div:nth-of-type(2) > div:nth-of-type(5) > div > div:nth-of-type(11) > div > div > div > div > button:nth-of-type(3),button,True,https://app.allsci.com/search?query=covid,AllSci,Researchers,search_results
button_metric,H-index,0,div#main > main > div:nth-of-type(2) > div:nth-of-type(5) > div > div:nth-of-type(11) > div > div > div > div > button:nth-of-type(4),button,True,https://app.allsci.com/search?query=covid,AllSci,Researchers,search_results
button_metric,Total contributions,1,div#main > main > div:nth-of-type(2) > div:nth-of-type(5) > div > div:nth-of-type(12) > div > div > div > div > button:nth-of-type(2),button,True,https://app.allsci.com/search?query=covid,AllSci,Researchers,search_results
button_metric,Total citations,0,div#main > main > div:nth-of-type(2) > div:nth-of-type(5) > div > div:nth-of-type(12) > div > div > div > div > button:nth-of-type(3),button,True,https://app.allsci.com/search?query=covid,AllSci,Researchers,search_results
button_metric,H-index,0,div#main > main > div:nth-of-type(2) > div:nth-of-type(5) > div > div:nth-of-type(12) > div > div > div > div > button:nth-of-type(4),button,True,https://app.allsci.com/search?query=covid,AllSci,Researchers,search_results
button_metric,Total contributions,1,div#main > main > div:nth-of-type(2) > div:nth-of-type(5) > div > div:nth-of-type(13) > div > div > div > div > button:nth-of-type(2),button,True,https://app.allsci.com/search?query=covid,AllSci,Researchers,search_results
button_metric,Total citations,0,div#main > main > div:nth-of-type(2) > div:nth-of-type(5) > div > div:nth-of-type(13) > div > div > div > div > button:nth-of-type(3),button,True,https://app.allsci.com/search?query=covid,AllSci,Researchers,search_results
button_metric,H-index,0,div#main > main > div:nth-of-type(2) > div:nth-of-type(5) > div > div:nth-of-type(13) > div > div > div > div > button:nth-of-type(4),button,True,https://app.allsci.com/search?query=covid,AllSci,Researchers,search_results
button_metric,Total contributions,1,div#main > main > div:nth-of-type(2) > div:nth-of-type(5) > div > div:nth-of-type(14) > div > div > div > div > button:nth-of-type(2),button,True,https://app.allsci.com/search?query=covid,AllSci,Researchers,search_results
button_metric,Total citations,1,div#main > main > div:nth-of-type(2) > div:nth-of-type(5) > div > div:nth-of-type(14) > div > div > div > div > button:nth-of-type(3),button,True,https://app.allsci.com/search?query=covid,AllSci,Researchers,search_results
button_metric,H-index,1,div#main > main > div:nth-of-type(2) > div:nth-of-type(5) > div > div:nth-of-type(14) > div > div > div > div > button:nth-of-type(4),button,True,https://app.allsci.com/search?query=covid,AllSci,Researchers,search_results
button_metric,Total contributions,1,div#main > main > div:nth-of-type(2) > div:nth-of-type(5) > div > div:nth-of-type(15) > div > div > div > div > button:nth-of-type(2),button,True,https://app.allsci.com/search?query=covid,AllSci,Researchers,search_results
button_metric,Total citations,1,div#main > main > div:nth-of-type(2) > div:nth-of-type(5) > div > div:nth-of-type(15) > div > div > div > div > button:nth-of-type(3),button,True,https://app.allsci.com/search?query=covid,AllSci,Researchers,search_results
button_metric,H-index,1,div#main > main > div:nth-of-type(2) > div:nth-of-type(5) > div > div:nth-of-type(15) > div > div > div > div > button:nth-of-type(4),button,True,https://app.allsci.com/search?query=covid,AllSci,Researchers,search_results
button_metric,Total contributions,1,div#main > main > div:nth-of-type(2) > div:nth-of-type(5) > div > div:nth-of-type(16) > div > div > div > div > button:nth-of-type(2),button,True,https://app.allsci.com/search?query=covid,AllSci,Researchers,search_results
button_metric,Total citations,0,div#main > main > div:nth-of-type(2) > div:nth-of-type(5) > div > div:nth-of-type(16) > div > div > div > div > button:nth-of-type(3),button,True,https://app.allsci.com/search?query=covid,AllSci,Researchers,search_results
button_metric,H-index,0,div#main > main > div:nth-of-type(2) > div:nth-of-type(5) > div > div:nth-of-type(16) > div > div > div > div > button:nth-of-type(4),button,True,https://app.allsci.com/search?query=covid,AllSci,Researchers,search_results
button_metric,Total contributions,4,div#main > main > div:nth-of-type(2) > div:nth-of-type(5) > div > div:nth-of-type(17) > div > div > div > div > button:nth-of-type(2),button,True,https://app.allsci.com/search?query=covid,AllSci,Researchers,search_results
button_metric,Total citations,4,div#main > main > div:nth-of-type(2) > div:nth-of-type(5) > div > div:nth-of-type(17) > div > div > div > div > button:nth-of-type(3),button,True,https://app.allsci.com/search?query=covid,AllSci,Researchers,search_results
button_metric,H-index,1,div#main > main > div:nth-of-type(2) > div:nth-of-type(5) > div > div:nth-of-type(17) > div > div > div > div > button:nth-of-type(4),button,True,https://app.allsci.com/search?query=covid,AllSci,Researchers,search_results
button_metric,Total contributions,1,div#main > main > div:nth-of-type(2) > div:nth-of-type(5) > div > div:nth-of-type(18) > div > div > div > div > button:nth-of-type(2),button,True,https://app.allsci.com/search?query=covid,AllSci,Researchers,search_results
button_metric,Total citations,71,div#main > main > div:nth-of-type(2) > div:nth-of-type(5) > div > div:nth-of-type(18) > div > div > div > div > button:nth-of-type(3),button,True,https://app.allsci.com/search?query=covid,AllSci,Researchers,search_results
button_metric,H-index,1,div#main > main > div:nth-of-type(2) > div:nth-of-type(5) > div > div:nth-of-type(18) > div > div > div > div > button:nth-of-type(4),button,True,https://app.allsci.com/search?query=covid,AllSci,Researchers,search_results
button_metric,Total contributions,1,div#main > main > div:nth-of-type(2) > div:nth-of-type(5) > div > div:nth-of-type(19) > div > div > div > div > button:nth-of-type(2),button,True,https://app.allsci.com/search?query=covid,AllSci,Researchers,search_results
button_metric,Total citations,8,div#main > main > div:nth-of-type(2) > div:nth-of-type(5) > div > div:nth-of-type(19) > div > div > div > div > button:nth-of-type(3),button,True,https://app.allsci.com/search?query=covid,AllSci,Researchers,search_results
button_metric,H-index,1,div#main > main > div:nth-of-type(2) > div:nth-of-type(5) > div > div:nth-of-type(19) > div > div > div > div > button:nth-of-type(4),button,True,https://app.allsci.com/search?query=covid,AllSci,Researchers,search_results
button_metric,Total contributions,1,div#main > main > div:nth-of-type(2) > div:nth-of-type(5) > div > div:nth-of-type(20) > div > div > div > div > button:nth-of-type(2),button,True,https://app.allsci.com/search?query=covid,AllSci,Researchers,search_results
button_metric,Total citations,0,div#main > main > div:nth-of-type(2) > div:nth-of-type(5) > div > div:nth-of-type(20) > div > div > div > div > button:nth-of-type(3),button,True,https://app.allsci.com/search?query=covid,AllSci,Researchers,search_results
button_metric,H-index,0,div#main > main > div:nth-of-type(2) > div:nth-of-type(5) > div > div:nth-of-type(20) > div > div > div > div > button:nth-of-type(4),button,True,https://app.allsci.com/search?query=covid,AllSci,Researchers,search_results
button_metric,Total contributions,1,div#main > main > div:nth-of-type(2) > div:nth-of-type(5) > div > div:nth-of-type(21) > div > div > div > div > button:nth-of-type(2),button,True,https://app.allsci.com/search?query=covid,AllSci,Researchers,search_results
button_metric,Total citations,0,div#main > main > div:nth-of-type(2) > div:nth-of-type(5) > div > div:nth-of-type(21) > div > div > div > div > button:nth-of-type(3),button,True,https://app.allsci.com/search?query=covid,AllSci,Researchers,search_results
button_metric,H-index,0,div#main > main > div:nth-of-type(2) > div:nth-of-type(5) > div > div:nth-of-type(21) > div > div > div > div > button:nth-of-type(4),button,True,https://app.allsci.com/search?query=covid,AllSci,Researchers,search_results
button_metric,Total contributions,1,div#main > main > div:nth-of-type(2) > div:nth-of-type(5) > div > div:nth-of-type(22) > div > div > div > div > button:nth-of-type(2),button,True,https://app.allsci.com/search?query=covid,AllSci,Researchers,search_results
button_metric,Total citations,0,div#main > main > div:nth-of-type(2) > div:nth-of-type(5) > div > div:nth-of-type(22) > div > div > div > div > button:nth-of-type(3),button,True,https://app.allsci.com/search?query=covid,AllSci,Researchers,search_results
button_metric,H-index,0,div#main > main > div:nth-of-type(2) > div:nth-of-type(5) > div > div:nth-of-type(22) > div > div > div > div > button:nth-of-type(4),button,True,https://app.allsci.com/search?query=covid,AllSci,Researchers,search_results
button_metric,Total contributions,1,div#main > main > div:nth-of-type(2) > div:nth-of-type(5) > div > div:nth-of-type(23) > div > div > div > div > button:nth-of-type(2),button,True,https://app.allsci.com/search?query=covid,AllSci,Researchers,search_results
button_metric,Total citations,0,div#main > main > div:nth-of-type(2) > div:nth-of-type(5) > div > div:nth-of-type(23) > div > div > div > div > button:nth-of-type(3),button,True,https://app.allsci.com/search?query=covid,AllSci,Researchers,search_results
button_metric,H-index,0,div#main > main > div:nth-of-type(2) > div:nth-of-type(5) > div > div:nth-of-type(23) > div > div > div > div > button:nth-of-type(4),button,True,https://app.allsci.com/search?query=covid,AllSci,Researchers,search_results
button_metric,Total contributions,1,div#main > main > div:nth-of-type(2) > div:nth-of-type(5) > div > div:nth-of-type(24) > div > div > div > div > button:nth-of-type(2),button,True,https://app.allsci.com/search?query=covid,AllSci,Researchers,search_results
button_metric,Total citations,1,div#main > main > div:nth-of-type(2) > div:nth-of-type(5) > div > div:nth-of-type(24) > div > div > div > div > button:nth-of-type(3),button,True,https://app.allsci.com/search?query=covid,AllSci,Researchers,search_results
button_metric,H-index,1,div#main > main > div:nth-of-type(2) > div:nth-of-type(5) > div > div:nth-of-type(24) > div > div > div > div > button:nth-of-type(4),button,True,https://app.allsci.com/search?query=covid,AllSci,Researchers,search_results
button_metric,Total contributions,1,div#main > main > div:nth-of-type(2) > div:nth-of-type(5) > div > div:nth-of-type(25) > div > div > div > div > button:nth-of-type(2),button,True,https://app.allsci.com/search?query=covid,AllSci,Researchers,search_results
button_metric,Total citations,9,div#main > main > div:nth-of-type(2) > div:nth-of-type(5) > div > div:nth-of-type(25) > div > div > div > div > button:nth-of-type(3),button,True,https://app.allsci.com/search?query=covid,AllSci,Researchers,search_results
button_metric,H-index,1,div#main > main > div:nth-of-type(2) > div:nth-of-type(5) > div > div:nth-of-type(25) > div > div > div > div > button:nth-of-type(4),button,True,https://app.allsci.com/search?query=covid,AllSci,Researchers,search_results
button_metric,page 1,1,div#main > main > div:nth-of-type(2) > div:nth-of-type(5) > div > div:nth-of-type(26) > nav > ul > li:nth-of-type(2) > button,button,True,https://app.allsci.com/search?query=covid,AllSci,Researchers,search_results
button_metric,Go to page 2,2,div#main > main > div:nth-of-type(2) > div:nth-of-type(5) > div > div:nth-of-type(26) > nav > ul > li:nth-of-type(3) > button,button,True,https://app.allsci.com/search?query=covid,AllSci,Researchers,search_results
button_metric,Go to page 3,3,div#main > main > div:nth-of-type(2) > div:nth-of-type(5) > div > div:nth-of-type(26) > nav > ul > li:nth-of-type(4) > button,button,True,https://app.allsci.com/search?query=covid,AllSci,Researchers,search_results
button_metric,Go to page 4,4,div#main > main > div:nth-of-type(2) > div:nth-of-type(5) > div > div:nth-of-type(26) > nav > ul > li:nth-of-type(5) > button,button,True,https://app.allsci.com/search?query=covid,AllSci,Researchers,search_results
button_metric,Go to page 5,5,div#main > main > div:nth-of-type(2) > div:nth-of-type(5) > div > div:nth-of-type(26) > nav > ul > li:nth-of-type(6) > button,button,True,https://app.allsci.com/search?query=covid,AllSci,Researchers,search_results
button_metric,Go to page 26,26,div#main > main > div:nth-of-type(2) > div:nth-of-type(5) > div > div:nth-of-type(26) > nav > ul > li:nth-of-type(8) > button,button,True,https://app.allsci.com/search?query=covid,AllSci,Researchers,search_results
search_result_count,Hypotheses,249.6K,div#main > main > div > div > div:nth-of-type(2) > div,tab_metric,True,https://app.allsci.com/search?query=cancer,AllSci,,search_results
search_result_count,Articles,3.9M,div#main > main > div > div > div:nth-of-type(2) > div:nth-of-type(2),tab_metric,True,https://app.allsci.com/search?query=cancer,AllSci,,search_results
search_result_count,Clinical Trials,124K,div#main > main > div > div > div:nth-of-type(2) > div:nth-of-type(3),tab_metric,True,https://app.allsci.com/search?query=cancer,AllSci,,search_results
search_result_count,Grants,314.9K,div#main > main > div > div > div:nth-of-type(2) > div:nth-of-type(4),tab_metric,True,https://app.allsci.com/search?query=cancer,AllSci,,search_results
search_result_count,Researchers,799,div#main > main > div > div > div:nth-of-type(2) > div:nth-of-type(5),tab_metric,True,https://app.allsci.com/search?query=cancer,AllSci,,search_results
search_filter,Publication Year - 2025,"7,152",div#sidebar > div > div > div:nth-of-type(2) > div > div:nth-of-type(2) > div > div:nth-of-type(2) > div > div > div > div > div > div:nth-of-type(2) > label,filter,True,https://app.allsci.com/search?query=cancer,AllSci,,search_results
search_filter,Publication Year - 2024,"17,784",div#sidebar > div > div > div:nth-of-type(2) > div > div:nth-of-type(2) > div > div:nth-of-type(2) > div > div > div > div > div > div:nth-of-type(2) > label:nth-of-type(2),filter,True,https://app.allsci.com/search?query=cancer,AllSci,,search_results
search_filter,Publication Year - 2023,"29,121",div#sidebar > div > div > div:nth-of-type(2) > div > div:nth-of-type(2) > div > div:nth-of-type(2) > div > div > div > div > div > div:nth-of-type(2) > label:nth-of-type(3),filter,True,https://app.allsci.com/search?query=cancer,AllSci,,search_results
search_filter,Publication Year - 2022,"32,850",div#sidebar > div > div > div:nth-of-type(2) > div > div:nth-of-type(2) > div > div:nth-of-type(2) > div > div > div > div > div > div:nth-of-type(2) > label:nth-of-type(4),filter,True,https://app.allsci.com/search?query=cancer,AllSci,,search_results
search_filter,Publication Year - 2021,"38,511",div#sidebar > div > div > div:nth-of-type(2) > div > div:nth-of-type(2) > div > div:nth-of-type(2) > div > div > div > div > div > div:nth-of-type(2) > label:nth-of-type(5),filter,True,https://app.allsci.com/search?query=cancer,AllSci,,search_results
search_filter,Researcher - Hermann Brenner,250,div#sidebar > div > div > div:nth-of-type(2) > div > div:nth-of-type(2) > div:nth-of-type(2) > div:nth-of-type(2) > div > div > div > div > div > div:nth-of-type(2) > label,filter,True,https://app.allsci.com/search?query=cancer,AllSci,,search_results
search_filter,Researcher - D. Gareth Evans,210,div#sidebar > div > div > div:nth-of-type(2) > div > div:nth-of-type(2) > div:nth-of-type(2) > div:nth-of-type(2) > div > div > div > div > div > div:nth-of-type(2) > label:nth-of-type(2),filter,True,https://app.allsci.com/search?query=cancer,AllSci,,search_results
search_filter,Researcher - Peter A. Fasching,187,div#sidebar > div > div > div:nth-of-type(2) > div > div:nth-of-type(2) > div:nth-of-type(2) > div:nth-of-type(2) > div > div > div > div > div > div:nth-of-type(2) > label:nth-of-type(3),filter,True,https://app.allsci.com/search?query=cancer,AllSci,,search_results
search_filter,Researcher - Graham G. Giles,180,div#sidebar > div > div > div:nth-of-type(2) > div > div:nth-of-type(2) > div:nth-of-type(2) > div:nth-of-type(2) > div > div > div > div > div > div:nth-of-type(2) > label:nth-of-type(4),filter,True,https://app.allsci.com/search?query=cancer,AllSci,,search_results
search_filter,Researcher - Jan Lubiński,176,div#sidebar > div > div > div:nth-of-type(2) > div > div:nth-of-type(2) > div:nth-of-type(2) > div:nth-of-type(2) > div > div > div > div > div > div:nth-of-type(2) > label:nth-of-type(5),filter,True,https://app.allsci.com/search?query=cancer,AllSci,,search_results
search_filter,Source - Cancers,"12,445",div#sidebar > div > div > div:nth-of-type(2) > div > div:nth-of-type(2) > div:nth-of-type(3) > div:nth-of-type(2) > div > div > div > div > div > div:nth-of-type(2) > label,filter,True,https://app.allsci.com/search?query=cancer,AllSci,,search_results
search_filter,Source - Scientific Reports,"8,417",div#sidebar > div > div > div:nth-of-type(2) > div > div:nth-of-type(2) > div:nth-of-type(3) > div:nth-of-type(2) > div > div > div > div > div > div:nth-of-type(2) > label:nth-of-type(2),filter,True,https://app.allsci.com/search?query=cancer,AllSci,,search_results
search_filter,Source - International Journal Of Molecular Sciences,"8,287",div#sidebar > div > div > div:nth-of-type(2) > div > div:nth-of-type(2) > div:nth-of-type(3) > div:nth-of-type(2) > div > div > div > div > div > div:nth-of-type(2) > label:nth-of-type(3),filter,True,https://app.allsci.com/search?query=cancer,AllSci,,search_results
search_filter,Source - Frontiers In Oncology,"6,868",div#sidebar > div > div > div:nth-of-type(2) > div > div:nth-of-type(2) > div:nth-of-type(3) > div:nth-of-type(2) > div > div > div > div > div > div:nth-of-type(2) > label:nth-of-type(4),filter,True,https://app.allsci.com/search?query=cancer,AllSci,,search_results
search_filter,Source - Oncotarget,"6,746",div#sidebar > div > div > div:nth-of-type(2) > div > div:nth-of-type(2) > div:nth-of-type(3) > div:nth-of-type(2) > div > div > div > div > div > div:nth-of-type(2) > label:nth-of-type(5),filter,True,https://app.allsci.com/search?query=cancer,AllSci,,search_results
button_metric,page 1,1,div#main > main > div:nth-of-type(2) > div:nth-of-type(2) > div > div:nth-of-type(71) > nav > ul > li:nth-of-type(2) > button,button,True,https://app.allsci.com/search?query=cancer,AllSci,Hypotheses,search_results
button_metric,Go to page 2,2,div#main > main > div:nth-of-type(2) > div:nth-of-type(2) > div > div:nth-of-type(71) > nav > ul > li:nth-of-type(3) > button,button,True,https://app.allsci.com/search?query=cancer,AllSci,Hypotheses,search_results
button_metric,Go to page 3,3,div#main > main > div:nth-of-type(2) > div:nth-of-type(2) > div > div:nth-of-type(71) > nav > ul > li:nth-of-type(4) > button,button,True,https://app.allsci.com/search?query=cancer,AllSci,Hypotheses,search_results
button_metric,Go to page 4,4,div#main > main > div:nth-of-type(2) > div:nth-of-type(2) > div > div:nth-of-type(71) > nav > ul > li:nth-of-type(5) > button,button,True,https://app.allsci.com/search?query=cancer,AllSci,Hypotheses,search_results
button_metric,Go to page 5,5,div#main > main > div:nth-of-type(2) > div:nth-of-type(2) > div > div:nth-of-type(71) > nav > ul > li:nth-of-type(6) > button,button,True,https://app.allsci.com/search?query=cancer,AllSci,Hypotheses,search_results
button_metric,Go to page 9986,9986,div#main > main > div:nth-of-type(2) > div:nth-of-type(2) > div > div:nth-of-type(71) > nav > ul > li:nth-of-type(8) > button,button,True,https://app.allsci.com/search?query=cancer,AllSci,Hypotheses,search_results
button_metric,Total citations,3,div#main > main > div:nth-of-type(2) > div > div > div > div > div:nth-of-type(2) > button,button,True,https://app.allsci.com/search?query=cancer,AllSci,Articles,search_results
button_metric,Total citations,0,div#main > main > div:nth-of-type(2) > div > div > div:nth-of-type(2) > div > div:nth-of-type(2) > button,button,True,https://app.allsci.com/search?query=cancer,AllSci,Articles,search_results
button_metric,Total citations,0,div#main > main > div:nth-of-type(2) > div > div > div:nth-of-type(3) > div > div:nth-of-type(2) > button,button,True,https://app.allsci.com/search?query=cancer,AllSci,Articles,search_results
button_metric,Total citations,0,div#main > main > div:nth-of-type(2) > div > div > div:nth-of-type(4) > div > div:nth-of-type(2) > button,button,True,https://app.allsci.com/search?query=cancer,AllSci,Articles,search_results
button_metric,Total citations,1,div#main > main > div:nth-of-type(2) > div > div > div:nth-of-type(5) > div > div:nth-of-type(2) > button,button,True,https://app.allsci.com/search?query=cancer,AllSci,Articles,search_results
button_metric,Total citations,0,div#main > main > div:nth-of-type(2) > div > div > div:nth-of-type(6) > div > div:nth-of-type(2) > button,button,True,https://app.allsci.com/search?query=cancer,AllSci,Articles,search_results
button_metric,Total citations,0,div#main > main > div:nth-of-type(2) > div > div > div:nth-of-type(7) > div > div:nth-of-type(2) > button,button,True,https://app.allsci.com/search?query=cancer,AllSci,Articles,search_results
button_metric,Total citations,0,div#main > main > div:nth-of-type(2) > div > div > div:nth-of-type(8) > div > div:nth-of-type(2) > button,button,True,https://app.allsci.com/search?query=cancer,AllSci,Articles,search_results
button_metric,Total citations,0,div#main > main > div:nth-of-type(2) > div > div > div:nth-of-type(9) > div > div:nth-of-type(2) > button,button,True,https://app.allsci.com/search?query=cancer,AllSci,Articles,search_results
button_metric,Total citations,0,div#main > main > div:nth-of-type(2) > div > div > div:nth-of-type(10) > div > div:nth-of-type(2) > button,button,True,https://app.allsci.com/search?query=cancer,AllSci,Articles,search_results
button_metric,Total citations,0,div#main > main > div:nth-of-type(2) > div > div > div:nth-of-type(11) > div > div:nth-of-type(2) > button,button,True,https://app.allsci.com/search?query=cancer,AllSci,Articles,search_results
button_metric,Total citations,0,div#main > main > div:nth-of-type(2) > div > div > div:nth-of-type(12) > div > div:nth-of-type(2) > button,button,True,https://app.allsci.com/search?query=cancer,AllSci,Articles,search_results
button_metric,Total citations,0,div#main > main > div:nth-of-type(2) > div > div > div:nth-of-type(13) > div > div:nth-of-type(2) > button,button,True,https://app.allsci.com/search?query=cancer,AllSci,Articles,search_results
button_metric,Total citations,0,div#main > main > div:nth-of-type(2) > div > div > div:nth-of-type(14) > div > div:nth-of-type(2) > button,button,True,https://app.allsci.com/search?query=cancer,AllSci,Articles,search_results
button_metric,Total citations,0,div#main > main > div:nth-of-type(2) > div > div > div:nth-of-type(15) > div > div:nth-of-type(2) > button,button,True,https://app.allsci.com/search?query=cancer,AllSci,Articles,search_results
button_metric,Total citations,0,div#main > main > div:nth-of-type(2) > div > div > div:nth-of-type(16) > div > div:nth-of-type(2) > button,button,True,https://app.allsci.com/search?query=cancer,AllSci,Articles,search_results
button_metric,Total citations,0,div#main > main > div:nth-of-type(2) > div > div > div:nth-of-type(17) > div > div:nth-of-type(2) > button,button,True,https://app.allsci.com/search?query=cancer,AllSci,Articles,search_results
button_metric,Total citations,0,div#main > main > div:nth-of-type(2) > div > div > div:nth-of-type(18) > div > div:nth-of-type(2) > button,button,True,https://app.allsci.com/search?query=cancer,AllSci,Articles,search_results
button_metric,Total citations,0,div#main > main > div:nth-of-type(2) > div > div > div:nth-of-type(19) > div > div:nth-of-type(2) > button,button,True,https://app.allsci.com/search?query=cancer,AllSci,Articles,search_results
button_metric,Total citations,0,div#main > main > div:nth-of-type(2) > div > div > div:nth-of-type(20) > div > div:nth-of-type(2) > button,button,True,https://app.allsci.com/search?query=cancer,AllSci,Articles,search_results
button_metric,Total citations,0,div#main > main > div:nth-of-type(2) > div > div > div:nth-of-type(21) > div > div:nth-of-type(2) > button,button,True,https://app.allsci.com/search?query=cancer,AllSci,Articles,search_results
button_metric,Total citations,0,div#main > main > div:nth-of-type(2) > div > div > div:nth-of-type(22) > div > div:nth-of-type(2) > button,button,True,https://app.allsci.com/search?query=cancer,AllSci,Articles,search_results
button_metric,Total citations,0,div#main > main > div:nth-of-type(2) > div > div > div:nth-of-type(23) > div > div:nth-of-type(2) > button,button,True,https://app.allsci.com/search?query=cancer,AllSci,Articles,search_results
button_metric,Total citations,0,div#main > main > div:nth-of-type(2) > div > div > div:nth-of-type(24) > div > div:nth-of-type(2) > button,button,True,https://app.allsci.com/search?query=cancer,AllSci,Articles,search_results
button_metric,Total citations,0,div#main > main > div:nth-of-type(2) > div > div > div:nth-of-type(25) > div > div:nth-of-type(2) > button,button,True,https://app.allsci.com/search?query=cancer,AllSci,Articles,search_results
button_metric,page 1,1,div#main > main > div:nth-of-type(2) > div > div > div:nth-of-type(26) > nav > ul > li:nth-of-type(2) > button,button,True,https://app.allsci.com/search?query=cancer,AllSci,Articles,search_results
button_metric,Go to page 2,2,div#main > main > div:nth-of-type(2) > div > div > div:nth-of-type(26) > nav > ul > li:nth-of-type(3) > button,button,True,https://app.allsci.com/search?query=cancer,AllSci,Articles,search_results
button_metric,Go to page 3,3,div#main > main > div:nth-of-type(2) > div > div > div:nth-of-type(26) > nav > ul > li:nth-of-type(4) > button,button,True,https://app.allsci.com/search?query=cancer,AllSci,Articles,search_results
button_metric,Go to page 4,4,div#main > main > div:nth-of-type(2) > div > div > div:nth-of-type(26) > nav > ul > li:nth-of-type(5) > button,button,True,https://app.allsci.com/search?query=cancer,AllSci,Articles,search_results
button_metric,Go to page 5,5,div#main > main > div:nth-of-type(2) > div > div > div:nth-of-type(26) > nav > ul > li:nth-of-type(6) > button,button,True,https://app.allsci.com/search?query=cancer,AllSci,Articles,search_results
button_metric,Go to page 158095,158095,div#main > main > div:nth-of-type(2) > div > div > div:nth-of-type(26) > nav > ul > li:nth-of-type(8) > button,button,True,https://app.allsci.com/search?query=cancer,AllSci,Articles,search_results
button_metric,page 1,1,div#main > main > div:nth-of-type(2) > div:nth-of-type(3) > div > div:nth-of-type(26) > nav > ul > li:nth-of-type(2) > button,button,True,https://app.allsci.com/search?query=cancer,AllSci,Clinical Trials,search_results
button_metric,Go to page 2,2,div#main > main > div:nth-of-type(2) > div:nth-of-type(3) > div > div:nth-of-type(26) > nav > ul > li:nth-of-type(3) > button,button,True,https://app.allsci.com/search?query=cancer,AllSci,Clinical Trials,search_results
button_metric,Go to page 3,3,div#main > main > div:nth-of-type(2) > div:nth-of-type(3) > div > div:nth-of-type(26) > nav > ul > li:nth-of-type(4) > button,button,True,https://app.allsci.com/search?query=cancer,AllSci,Clinical Trials,search_results
button_metric,Go to page 4,4,div#main > main > div:nth-of-type(2) > div:nth-of-type(3) > div > div:nth-of-type(26) > nav > ul > li:nth-of-type(5) > button,button,True,https://app.allsci.com/search?query=cancer,AllSci,Clinical Trials,search_results
button_metric,Go to page 5,5,div#main > main > div:nth-of-type(2) > div:nth-of-type(3) > div > div:nth-of-type(26) > nav > ul > li:nth-of-type(6) > button,button,True,https://app.allsci.com/search?query=cancer,AllSci,Clinical Trials,search_results
button_metric,Go to page 4964,4964,div#main > main > div:nth-of-type(2) > div:nth-of-type(3) > div > div:nth-of-type(26) > nav > ul > li:nth-of-type(8) > button,button,True,https://app.allsci.com/search?query=cancer,AllSci,Clinical Trials,search_results
button_metric,Total funding,$2.8M,div#main > main > div:nth-of-type(2) > div:nth-of-type(4) > div > div > div > div:nth-of-type(2) > button,button,True,https://app.allsci.com/search?query=cancer,AllSci,Grants,search_results
button_metric,Total funding,$1,div#main > main > div:nth-of-type(2) > div:nth-of-type(4) > div > div:nth-of-type(2) > div > div:nth-of-type(2) > button,button,True,https://app.allsci.com/search?query=cancer,AllSci,Grants,search_results
button_metric,Total funding,$32K,div#main > main > div:nth-of-type(2) > div:nth-of-type(4) > div > div:nth-of-type(4) > div > div:nth-of-type(2) > button,button,True,https://app.allsci.com/search?query=cancer,AllSci,Grants,search_results
button_metric,Total funding,$58K,div#main > main > div:nth-of-type(2) > div:nth-of-type(4) > div > div:nth-of-type(5) > div > div:nth-of-type(2) > button,button,True,https://app.allsci.com/search?query=cancer,AllSci,Grants,search_results
button_metric,Total funding,$5.1M,div#main > main > div:nth-of-type(2) > div:nth-of-type(4) > div > div:nth-of-type(9) > div > div:nth-of-type(2) > button,button,True,https://app.allsci.com/search?query=cancer,AllSci,Grants,search_results
button_metric,Total funding,$5.0M,div#main > main > div:nth-of-type(2) > div:nth-of-type(4) > div > div:nth-of-type(10) > div > div:nth-of-type(2) > button,button,True,https://app.allsci.com/search?query=cancer,AllSci,Grants,search_results
button_metric,Total funding,$4.9M,div#main > main > div:nth-of-type(2) > div:nth-of-type(4) > div > div:nth-of-type(11) > div > div:nth-of-type(2) > button,button,True,https://app.allsci.com/search?query=cancer,AllSci,Grants,search_results
button_metric,Total funding,$2.5M,div#main > main > div:nth-of-type(2) > div:nth-of-type(4) > div > div:nth-of-type(12) > div > div:nth-of-type(2) > button,button,True,https://app.allsci.com/search?query=cancer,AllSci,Grants,search_results
button_metric,Total funding,$2.0M,div#main > main > div:nth-of-type(2) > div:nth-of-type(4) > div > div:nth-of-type(13) > div > div:nth-of-type(2) > button,button,True,https://app.allsci.com/search?query=cancer,AllSci,Grants,search_results
button_metric,Total funding,$3.4M,div#main > main > div:nth-of-type(2) > div:nth-of-type(4) > div > div:nth-of-type(15) > div > div:nth-of-type(2) > button,button,True,https://app.allsci.com/search?query=cancer,AllSci,Grants,search_results
button_metric,Total funding,$2.5M,div#main > main > div:nth-of-type(2) > div:nth-of-type(4) > div > div:nth-of-type(16) > div > div:nth-of-type(2) > button,button,True,https://app.allsci.com/search?query=cancer,AllSci,Grants,search_results
button_metric,Total funding,$3.4M,div#main > main > div:nth-of-type(2) > div:nth-of-type(4) > div > div:nth-of-type(17) > div > div:nth-of-type(2) > button,button,True,https://app.allsci.com/search?query=cancer,AllSci,Grants,search_results
button_metric,Total funding,$3.0M,div#main > main > div:nth-of-type(2) > div:nth-of-type(4) > div > div:nth-of-type(19) > div > div:nth-of-type(2) > button,button,True,https://app.allsci.com/search?query=cancer,AllSci,Grants,search_results
button_metric,Total funding,$2.0M,div#main > main > div:nth-of-type(2) > div:nth-of-type(4) > div > div:nth-of-type(20) > div > div:nth-of-type(2) > button,button,True,https://app.allsci.com/search?query=cancer,AllSci,Grants,search_results
button_metric,Total funding,$4.8M,div#main > main > div:nth-of-type(2) > div:nth-of-type(4) > div > div:nth-of-type(22) > div > div:nth-of-type(2) > button,button,True,https://app.allsci.com/search?query=cancer,AllSci,Grants,search_results
button_metric,Total funding,$2.5M,div#main > main > div:nth-of-type(2) > div:nth-of-type(4) > div > div:nth-of-type(23) > div > div:nth-of-type(2) > button,button,True,https://app.allsci.com/search?query=cancer,AllSci,Grants,search_results
button_metric,Total funding,$3.4M,div#main > main > div:nth-of-type(2) > div:nth-of-type(4) > div > div:nth-of-type(24) > div > div:nth-of-type(2) > button,button,True,https://app.allsci.com/search?query=cancer,AllSci,Grants,search_results
button_metric,Total funding,$323K,div#main > main > div:nth-of-type(2) > div:nth-of-type(4) > div > div:nth-of-type(25) > div > div:nth-of-type(2) > button,button,True,https://app.allsci.com/search?query=cancer,AllSci,Grants,search_results
button_metric,page 1,1,div#main > main > div:nth-of-type(2) > div:nth-of-type(4) > div > div:nth-of-type(26) > nav > ul > li:nth-of-type(2) > button,button,True,https://app.allsci.com/search?query=cancer,AllSci,Grants,search_results
button_metric,Go to page 2,2,div#main > main > div:nth-of-type(2) > div:nth-of-type(4) > div > div:nth-of-type(26) > nav > ul > li:nth-of-type(3) > button,button,True,https://app.allsci.com/search?query=cancer,AllSci,Grants,search_results
button_metric,Go to page 3,3,div#main > main > div:nth-of-type(2) > div:nth-of-type(4) > div > div:nth-of-type(26) > nav > ul > li:nth-of-type(4) > button,button,True,https://app.allsci.com/search?query=cancer,AllSci,Grants,search_results
button_metric,Go to page 4,4,div#main > main > div:nth-of-type(2) > div:nth-of-type(4) > div > div:nth-of-type(26) > nav > ul > li:nth-of-type(5) > button,button,True,https://app.allsci.com/search?query=cancer,AllSci,Grants,search_results
button_metric,Go to page 5,5,div#main > main > div:nth-of-type(2) > div:nth-of-type(4) > div > div:nth-of-type(26) > nav > ul > li:nth-of-type(6) > button,button,True,https://app.allsci.com/search?query=cancer,AllSci,Grants,search_results
button_metric,Go to page 12597,12597,div#main > main > div:nth-of-type(2) > div:nth-of-type(4) > div > div:nth-of-type(26) > nav > ul > li:nth-of-type(8) > button,button,True,https://app.allsci.com/search?query=cancer,AllSci,Grants,search_results
button_metric,Total contributions,25,div#main > main > div:nth-of-type(2) > div:nth-of-type(5) > div > div > div > div > div > div > button:nth-of-type(2),button,True,https://app.allsci.com/search?query=cancer,AllSci,Researchers,search_results
button_metric,Total citations,253,div#main > main > div:nth-of-type(2) > div:nth-of-type(5) > div > div > div > div > div > div > button:nth-of-type(3),button,True,https://app.allsci.com/search?query=cancer,AllSci,Researchers,search_results
button_metric,H-index,9,div#main > main > div:nth-of-type(2) > div:nth-of-type(5) > div > div > div > div > div > div > button:nth-of-type(4),button,True,https://app.allsci.com/search?query=cancer,AllSci,Researchers,search_results
button_metric,Total contributions,1,div#main > main > div:nth-of-type(2) > div:nth-of-type(5) > div > div:nth-of-type(2) > div > div > div > div > button:nth-of-type(2),button,True,https://app.allsci.com/search?query=cancer,AllSci,Researchers,search_results
button_metric,Total citations,0,div#main > main > div:nth-of-type(2) > div:nth-of-type(5) > div > div:nth-of-type(2) > div > div > div > div > button:nth-of-type(3),button,True,https://app.allsci.com/search?query=cancer,AllSci,Researchers,search_results
button_metric,H-index,0,div#main > main > div:nth-of-type(2) > div:nth-of-type(5) > div > div:nth-of-type(2) > div > div > div > div > button:nth-of-type(4),button,True,https://app.allsci.com/search?query=cancer,AllSci,Researchers,search_results
button_metric,Total contributions,1,div#main > main > div:nth-of-type(2) > div:nth-of-type(5) > div > div:nth-of-type(3) > div > div > div > div > button:nth-of-type(2),button,True,https://app.allsci.com/search?query=cancer,AllSci,Researchers,search_results
button_metric,Total citations,0,div#main > main > div:nth-of-type(2) > div:nth-of-type(5) > div > div:nth-of-type(3) > div > div > div > div > button:nth-of-type(3),button,True,https://app.allsci.com/search?query=cancer,AllSci,Researchers,search_results
button_metric,H-index,0,div#main > main > div:nth-of-type(2) > div:nth-of-type(5) > div > div:nth-of-type(3) > div > div > div > div > button:nth-of-type(4),button,True,https://app.allsci.com/search?query=cancer,AllSci,Researchers,search_results
button_metric,Total contributions,1,div#main > main > div:nth-of-type(2) > div:nth-of-type(5) > div > div:nth-of-type(4) > div > div > div > div > button:nth-of-type(2),button,True,https://app.allsci.com/search?query=cancer,AllSci,Researchers,search_results
button_metric,Total citations,0,div#main > main > div:nth-of-type(2) > div:nth-of-type(5) > div > div:nth-of-type(4) > div > div > div > div > button:nth-of-type(3),button,True,https://app.allsci.com/search?query=cancer,AllSci,Researchers,search_results
button_metric,H-index,0,div#main > main > div:nth-of-type(2) > div:nth-of-type(5) > div > div:nth-of-type(4) > div > div > div > div > button:nth-of-type(4),button,True,https://app.allsci.com/search?query=cancer,AllSci,Researchers,search_results
button_metric,Total contributions,1,div#main > main > div:nth-of-type(2) > div:nth-of-type(5) > div > div:nth-of-type(5) > div > div > div > div > button:nth-of-type(2),button,True,https://app.allsci.com/search?query=cancer,AllSci,Researchers,search_results
button_metric,Total citations,0,div#main > main > div:nth-of-type(2) > div:nth-of-type(5) > div > div:nth-of-type(5) > div > div > div > div > button:nth-of-type(3),button,True,https://app.allsci.com/search?query=cancer,AllSci,Researchers,search_results
button_metric,H-index,0,div#main > main > div:nth-of-type(2) > div:nth-of-type(5) > div > div:nth-of-type(5) > div > div > div > div > button:nth-of-type(4),button,True,https://app.allsci.com/search?query=cancer,AllSci,Researchers,search_results
button_metric,Total contributions,1,div#main > main > div:nth-of-type(2) > div:nth-of-type(5) > div > div:nth-of-type(6) > div > div > div > div > button:nth-of-type(2),button,True,https://app.allsci.com/search?query=cancer,AllSci,Researchers,search_results
button_metric,Total citations,0,div#main > main > div:nth-of-type(2) > div:nth-of-type(5) > div > div:nth-of-type(6) > div > div > div > div > button:nth-of-type(3),button,True,https://app.allsci.com/search?query=cancer,AllSci,Researchers,search_results
button_metric,H-index,0,div#main > main > div:nth-of-type(2) > div:nth-of-type(5) > div > div:nth-of-type(6) > div > div > div > div > button:nth-of-type(4),button,True,https://app.allsci.com/search?query=cancer,AllSci,Researchers,search_results
button_metric,Total contributions,6,div#main > main > div:nth-of-type(2) > div:nth-of-type(5) > div > div:nth-of-type(7) > div > div > div > div > button:nth-of-type(2),button,True,https://app.allsci.com/search?query=cancer,AllSci,Researchers,search_results
button_metric,Total citations,30,div#main > main > div:nth-of-type(2) > div:nth-of-type(5) > div > div:nth-of-type(7) > div > div > div > div > button:nth-of-type(3),button,True,https://app.allsci.com/search?query=cancer,AllSci,Researchers,search_results
button_metric,H-index,3,div#main > main > div:nth-of-type(2) > div:nth-of-type(5) > div > div:nth-of-type(7) > div > div > div > div > button:nth-of-type(4),button,True,https://app.allsci.com/search?query=cancer,AllSci,Researchers,search_results
button_metric,Total contributions,2,div#main > main > div:nth-of-type(2) > div:nth-of-type(5) > div > div:nth-of-type(8) > div > div > div > div > button:nth-of-type(2),button,True,https://app.allsci.com/search?query=cancer,AllSci,Researchers,search_results
button_metric,Total citations,13,div#main > main > div:nth-of-type(2) > div:nth-of-type(5) > div > div:nth-of-type(8) > div > div > div > div > button:nth-of-type(3),button,True,https://app.allsci.com/search?query=cancer,AllSci,Researchers,search_results
button_metric,H-index,1,div#main > main > div:nth-of-type(2) > div:nth-of-type(5) > div > div:nth-of-type(8) > div > div > div > div > button:nth-of-type(4),button,True,https://app.allsci.com/search?query=cancer,AllSci,Researchers,search_results
button_metric,Total contributions,21,div#main > main > div:nth-of-type(2) > div:nth-of-type(5) > div > div:nth-of-type(9) > div > div > div > div > button:nth-of-type(2),button,True,https://app.allsci.com/search?query=cancer,AllSci,Researchers,search_results
button_metric,Total citations,24,div#main > main > div:nth-of-type(2) > div:nth-of-type(5) > div > div:nth-of-type(9) > div > div > div > div > button:nth-of-type(3),button,True,https://app.allsci.com/search?query=cancer,AllSci,Researchers,search_results
button_metric,H-index,2,div#main > main > div:nth-of-type(2) > div:nth-of-type(5) > div > div:nth-of-type(9) > div > div > div > div > button:nth-of-type(4),button,True,https://app.allsci.com/search?query=cancer,AllSci,Researchers,search_results
button_metric,Total contributions,5,div#main > main > div:nth-of-type(2) > div:nth-of-type(5) > div > div:nth-of-type(10) > div > div > div > div > button:nth-of-type(2),button,True,https://app.allsci.com/search?query=cancer,AllSci,Researchers,search_results
button_metric,Total citations,18,div#main > main > div:nth-of-type(2) > div:nth-of-type(5) > div > div:nth-of-type(10) > div > div > div > div > button:nth-of-type(3),button,True,https://app.allsci.com/search?query=cancer,AllSci,Researchers,search_results
button_metric,H-index,3,div#main > main > div:nth-of-type(2) > div:nth-of-type(5) > div > div:nth-of-type(10) > div > div > div > div > button:nth-of-type(4),button,True,https://app.allsci.com/search?query=cancer,AllSci,Researchers,search_results
button_metric,Total contributions,1,div#main > main > div:nth-of-type(2) > div:nth-of-type(5) > div > div:nth-of-type(11) > div > div > div > div > button:nth-of-type(2),button,True,https://app.allsci.com/search?query=cancer,AllSci,Researchers,search_results
button_metric,Total citations,21,div#main > main > div:nth-of-type(2) > div:nth-of-type(5) > div > div:nth-of-type(11) > div > div > div > div > button:nth-of-type(3),button,True,https://app.allsci.com/search?query=cancer,AllSci,Researchers,search_results
button_metric,H-index,1,div#main > main > div:nth-of-type(2) > div:nth-of-type(5) > div > div:nth-of-type(11) > div > div > div > div > button:nth-of-type(4),button,True,https://app.allsci.com/search?query=cancer,AllSci,Researchers,search_results
button_metric,Total contributions,2,div#main > main > div:nth-of-type(2) > div:nth-of-type(5) > div > div:nth-of-type(12) > div > div > div > div > button:nth-of-type(2),button,True,https://app.allsci.com/search?query=cancer,AllSci,Researchers,search_results
button_metric,Total citations,12,div#main > main > div:nth-of-type(2) > div:nth-of-type(5) > div > div:nth-of-type(12) > div > div > div > div > button:nth-of-type(3),button,True,https://app.allsci.com/search?query=cancer,AllSci,Researchers,search_results
button_metric,H-index,1,div#main > main > div:nth-of-type(2) > div:nth-of-type(5) > div > div:nth-of-type(12) > div > div > div > div > button:nth-of-type(4),button,True,https://app.allsci.com/search?query=cancer,AllSci,Researchers,search_results
button_metric,Total contributions,1,div#main > main > div:nth-of-type(2) > div:nth-of-type(5) > div > div:nth-of-type(13) > div > div > div > div > button:nth-of-type(2),button,True,https://app.allsci.com/search?query=cancer,AllSci,Researchers,search_results
button_metric,Total citations,2,div#main > main > div:nth-of-type(2) > div:nth-of-type(5) > div > div:nth-of-type(13) > div > div > div > div > button:nth-of-type(3),button,True,https://app.allsci.com/search?query=cancer,AllSci,Researchers,search_results
button_metric,H-index,1,div#main > main > div:nth-of-type(2) > div:nth-of-type(5) > div > div:nth-of-type(13) > div > div > div > div > button:nth-of-type(4),button,True,https://app.allsci.com/search?query=cancer,AllSci,Researchers,search_results
button_metric,Total contributions,2,div#main > main > div:nth-of-type(2) > div:nth-of-type(5) > div > div:nth-of-type(14) > div > div > div > div > button:nth-of-type(2),button,True,https://app.allsci.com/search?query=cancer,AllSci,Researchers,search_results
button_metric,Total citations,0,div#main > main > div:nth-of-type(2) > div:nth-of-type(5) > div > div:nth-of-type(14) > div > div > div > div > button:nth-of-type(3),button,True,https://app.allsci.com/search?query=cancer,AllSci,Researchers,search_results
button_metric,H-index,0,div#main > main > div:nth-of-type(2) > div:nth-of-type(5) > div > div:nth-of-type(14) > div > div > div > div > button:nth-of-type(4),button,True,https://app.allsci.com/search?query=cancer,AllSci,Researchers,search_results
button_metric,Total contributions,4,div#main > main > div:nth-of-type(2) > div:nth-of-type(5) > div > div:nth-of-type(15) > div > div > div > div > button:nth-of-type(2),button,True,https://app.allsci.com/search?query=cancer,AllSci,Researchers,search_results
button_metric,Total citations,0,div#main > main > div:nth-of-type(2) > div:nth-of-type(5) > div > div:nth-of-type(15) > div > div > div > div > button:nth-of-type(3),button,True,https://app.allsci.com/search?query=cancer,AllSci,Researchers,search_results
button_metric,H-index,0,div#main > main > div:nth-of-type(2) > div:nth-of-type(5) > div > div:nth-of-type(15) > div > div > div > div > button:nth-of-type(4),button,True,https://app.allsci.com/search?query=cancer,AllSci,Researchers,search_results
button_metric,Total contributions,1,div#main > main > div:nth-of-type(2) > div:nth-of-type(5) > div > div:nth-of-type(16) > div > div > div > div > button:nth-of-type(2),button,True,https://app.allsci.com/search?query=cancer,AllSci,Researchers,search_results
button_metric,Total citations,0,div#main > main > div:nth-of-type(2) > div:nth-of-type(5) > div > div:nth-of-type(16) > div > div > div > div > button:nth-of-type(3),button,True,https://app.allsci.com/search?query=cancer,AllSci,Researchers,search_results
button_metric,H-index,0,div#main > main > div:nth-of-type(2) > div:nth-of-type(5) > div > div:nth-of-type(16) > div > div > div > div > button:nth-of-type(4),button,True,https://app.allsci.com/search?query=cancer,AllSci,Researchers,search_results
button_metric,Total contributions,1,div#main > main > div:nth-of-type(2) > div:nth-of-type(5) > div > div:nth-of-type(17) > div > div > div > div > button:nth-of-type(2),button,True,https://app.allsci.com/search?query=cancer,AllSci,Researchers,search_results
button_metric,Total citations,0,div#main > main > div:nth-of-type(2) > div:nth-of-type(5) > div > div:nth-of-type(17) > div > div > div > div > button:nth-of-type(3),button,True,https://app.allsci.com/search?query=cancer,AllSci,Researchers,search_results
button_metric,H-index,0,div#main > main > div:nth-of-type(2) > div:nth-of-type(5) > div > div:nth-of-type(17) > div > div > div > div > button:nth-of-type(4),button,True,https://app.allsci.com/search?query=cancer,AllSci,Researchers,search_results
button_metric,Total contributions,9,div#main > main > div:nth-of-type(2) > div:nth-of-type(5) > div > div:nth-of-type(18) > div > div > div > div > button:nth-of-type(2),button,True,https://app.allsci.com/search?query=cancer,AllSci,Researchers,search_results
button_metric,Total citations,5,div#main > main > div:nth-of-type(2) > div:nth-of-type(5) > div > div:nth-of-type(18) > div > div > div > div > button:nth-of-type(3),button,True,https://app.allsci.com/search?query=cancer,AllSci,Researchers,search_results
button_metric,H-index,1,div#main > main > div:nth-of-type(2) > div:nth-of-type(5) > div > div:nth-of-type(18) > div > div > div > div > button:nth-of-type(4),button,True,https://app.allsci.com/search?query=cancer,AllSci,Researchers,search_results
button_metric,Total contributions,5,div#main > main > div:nth-of-type(2) > div:nth-of-type(5) > div > div:nth-of-type(19) > div > div > div > div > button:nth-of-type(2),button,True,https://app.allsci.com/search?query=cancer,AllSci,Researchers,search_results
button_metric,Total citations,5,div#main > main > div:nth-of-type(2) > div:nth-of-type(5) > div > div:nth-of-type(19) > div > div > div > div > button:nth-of-type(3),button,True,https://app.allsci.com/search?query=cancer,AllSci,Researchers,search_results
button_metric,H-index,1,div#main > main > div:nth-of-type(2) > div:nth-of-type(5) > div > div:nth-of-type(19) > div > div > div > div > button:nth-of-type(4),button,True,https://app.allsci.com/search?query=cancer,AllSci,Researchers,search_results
button_metric,Total contributions,2,div#main > main > div:nth-of-type(2) > div:nth-of-type(5) > div > div:nth-of-type(20) > div > div > div > div > button:nth-of-type(2),button,True,https://app.allsci.com/search?query=cancer,AllSci,Researchers,search_results
button_metric,Total citations,11,div#main > main > div:nth-of-type(2) > div:nth-of-type(5) > div > div:nth-of-type(20) > div > div > div > div > button:nth-of-type(3),button,True,https://app.allsci.com/search?query=cancer,AllSci,Researchers,search_results
button_metric,H-index,1,div#main > main > div:nth-of-type(2) > div:nth-of-type(5) > div > div:nth-of-type(20) > div > div > div > div > button:nth-of-type(4),button,True,https://app.allsci.com/search?query=cancer,AllSci,Researchers,search_results
button_metric,Total contributions,1,div#main > main > div:nth-of-type(2) > div:nth-of-type(5) > div > div:nth-of-type(21) > div > div > div > div > button:nth-of-type(2),button,True,https://app.allsci.com/search?query=cancer,AllSci,Researchers,search_results
button_metric,Total citations,0,div#main > main > div:nth-of-type(2) > div:nth-of-type(5) > div > div:nth-of-type(21) > div > div > div > div > button:nth-of-type(3),button,True,https://app.allsci.com/search?query=cancer,AllSci,Researchers,search_results
button_metric,H-index,1,div#main > main > div:nth-of-type(2) > div:nth-of-type(5) > div > div:nth-of-type(21) > div > div > div > div > button:nth-of-type(4),button,True,https://app.allsci.com/search?query=cancer,AllSci,Researchers,search_results
button_metric,Total contributions,1,div#main > main > div:nth-of-type(2) > div:nth-of-type(5) > div > div:nth-of-type(22) > div > div > div > div > button:nth-of-type(2),button,True,https://app.allsci.com/search?query=cancer,AllSci,Researchers,search_results
button_metric,Total citations,0,div#main > main > div:nth-of-type(2) > div:nth-of-type(5) > div > div:nth-of-type(22) > div > div > div > div > button:nth-of-type(3),button,True,https://app.allsci.com/search?query=cancer,AllSci,Researchers,search_results
button_metric,H-index,0,div#main > main > div:nth-of-type(2) > div:nth-of-type(5) > div > div:nth-of-type(22) > div > div > div > div > button:nth-of-type(4),button,True,https://app.allsci.com/search?query=cancer,AllSci,Researchers,search_results
button_metric,Total contributions,1,div#main > main > div:nth-of-type(2) > div:nth-of-type(5) > div > div:nth-of-type(23) > div > div > div > div > button:nth-of-type(2),button,True,https://app.allsci.com/search?query=cancer,AllSci,Researchers,search_results
button_metric,Total citations,0,div#main > main > div:nth-of-type(2) > div:nth-of-type(5) > div > div:nth-of-type(23) > div > div > div > div > button:nth-of-type(3),button,True,https://app.allsci.com/search?query=cancer,AllSci,Researchers,search_results
button_metric,H-index,0,div#main > main > div:nth-of-type(2) > div:nth-of-type(5) > div > div:nth-of-type(23) > div > div > div > div > button:nth-of-type(4),button,True,https://app.allsci.com/search?query=cancer,AllSci,Researchers,search_results
button_metric,Total contributions,2,div#main > main > div:nth-of-type(2) > div:nth-of-type(5) > div > div:nth-of-type(24) > div > div > div > div > button:nth-of-type(2),button,True,https://app.allsci.com/search?query=cancer,AllSci,Researchers,search_results
button_metric,Total citations,0,div#main > main > div:nth-of-type(2) > div:nth-of-type(5) > div > div:nth-of-type(24) > div > div > div > div > button:nth-of-type(3),button,True,https://app.allsci.com/search?query=cancer,AllSci,Researchers,search_results
button_metric,H-index,0,div#main > main > div:nth-of-type(2) > div:nth-of-type(5) > div > div:nth-of-type(24) > div > div > div > div > button:nth-of-type(4),button,True,https://app.allsci.com/search?query=cancer,AllSci,Researchers,search_results
button_metric,Total contributions,1,div#main > main > div:nth-of-type(2) > div:nth-of-type(5) > div > div:nth-of-type(25) > div > div > div > div > button:nth-of-type(2),button,True,https://app.allsci.com/search?query=cancer,AllSci,Researchers,search_results
button_metric,Total citations,0,div#main > main > div:nth-of-type(2) > div:nth-of-type(5) > div > div:nth-of-type(25) > div > div > div > div > button:nth-of-type(3),button,True,https://app.allsci.com/search?query=cancer,AllSci,Researchers,search_results
button_metric,H-index,0,div#main > main > div:nth-of-type(2) > div:nth-of-type(5) > div > div:nth-of-type(25) > div > div > div > div > button:nth-of-type(4),button,True,https://app.allsci.com/search?query=cancer,AllSci,Researchers,search_results
button_metric,page 1,1,div#main > main > div:nth-of-type(2) > div:nth-of-type(5) > div > div:nth-of-type(26) > nav > ul > li:nth-of-type(2) > button,button,True,https://app.allsci.com/search?query=cancer,AllSci,Researchers,search_results
button_metric,Go to page 2,2,div#main > main > div:nth-of-type(2) > div:nth-of-type(5) > div > div:nth-of-type(26) > nav > ul > li:nth-of-type(3) > button,button,True,https://app.allsci.com/search?query=cancer,AllSci,Researchers,search_results
button_metric,Go to page 3,3,div#main > main > div:nth-of-type(2) > div:nth-of-type(5) > div > div:nth-of-type(26) > nav > ul > li:nth-of-type(4) > button,button,True,https://app.allsci.com/search?query=cancer,AllSci,Researchers,search_results
button_metric,Go to page 4,4,div#main > main > div:nth-of-type(2) > div:nth-of-type(5) > div > div:nth-of-type(26) > nav > ul > li:nth-of-type(5) > button,button,True,https://app.allsci.com/search?query=cancer,AllSci,Researchers,search_results
button_metric,Go to page 5,5,div#main > main > div:nth-of-type(2) > div:nth-of-type(5) > div > div:nth-of-type(26) > nav > ul > li:nth-of-type(6) > button,button,True,https://app.allsci.com/search?query=cancer,AllSci,Researchers,search_results
button_metric,Go to page 32,32,div#main > main > div:nth-of-type(2) > div:nth-of-type(5) > div > div:nth-of-type(26) > nav > ul > li:nth-of-type(8) > button,button,True,https://app.allsci.com/search?query=cancer,AllSci,Researchers,search_results
button_metric,Total citations,49,div#main > div > div:nth-of-type(3) > div > div > div:nth-of-type(4) > div:nth-of-type(2) > div:nth-of-type(2) > div > div:nth-of-type(2) > button,button,True,https://app.allsci.com/hypothesis/ASC-HY-0000008022734-1.0-1717626505,AllSci,,hypothesis_detail
button_metric,Total funding,$568K,div#main > div > div:nth-of-type(3) > div > div > div:nth-of-type(4) > div:nth-of-type(2) > div:nth-of-type(3) > div > div:nth-of-type(2) > button,button,True,https://app.allsci.com/hypothesis/ASC-HY-0000008022734-1.0-1717626505,AllSci,,hypothesis_detail
button_metric,Total citations,38,div#main > div > div:nth-of-type(3) > div > div > div:nth-of-type(4) > div:nth-of-type(2) > div:nth-of-type(2) > div > div:nth-of-type(2) > button,button,True,https://app.allsci.com/hypothesis/ASC-HY-0000003372723-1.0-1717626143,AllSci,,hypothesis_detail
button_metric,Total funding,$267K,div#main > div > div:nth-of-type(3) > div > div > div:nth-of-type(4) > div:nth-of-type(2) > div:nth-of-type(3) > div > div:nth-of-type(2) > button,button,True,https://app.allsci.com/hypothesis/ASC-HY-0000003372723-1.0-1717626143,AllSci,,hypothesis_detail
button_metric,Total citations,29,div#main > div > div:nth-of-type(3) > div > div > div:nth-of-type(4) > div:nth-of-type(2) > div:nth-of-type(2) > div > div:nth-of-type(2) > button,button,True,https://app.allsci.com/hypothesis/ASC-HY-0000006482345-1.0-1717626364,AllSci,,hypothesis_detail
button_metric,Total funding,$98K,div#main > div > div:nth-of-type(3) > div > div > div:nth-of-type(4) > div:nth-of-type(2) > div:nth-of-type(3) > div > div:nth-of-type(2) > button,button,True,https://app.allsci.com/hypothesis/ASC-HY-0000006482345-1.0-1717626364,AllSci,,hypothesis_detail
button_metric,Total citations,62,div#main > div > div:nth-of-type(3) > div > div > div:nth-of-type(4) > div:nth-of-type(2) > div:nth-of-type(2) > div > div:nth-of-type(2) > button,button,True,https://app.allsci.com/hypothesis/ASC-HY-0000012798535-1.0-1747034775,AllSci,,hypothesis_detail
button_metric,Total funding,$155K,div#main > div > div:nth-of-type(3) > div > div > div:nth-of-type(4) > div:nth-of-type(2) > div:nth-of-type(3) > div > div:nth-of-type(2) > button,button,True,https://app.allsci.com/hypothesis/ASC-HY-0000012798535-1.0-1747034775,AllSci,,hypothesis_detail
button_metric,Total citations,39,div#main > div > div:nth-of-type(3) > div > div > div:nth-of-type(4) > div:nth-of-type(2) > div:nth-of-type(2) > div > div:nth-of-type(2) > button,button,True,https://app.allsci.com/hypothesis/ASC-HY-0000010173196-1.0-1717626657,AllSci,,hypothesis_detail
button_metric,Total funding,$97K,div#main > div > div:nth-of-type(3) > div > div > div:nth-of-type(4) > div:nth-of-type(2) > div:nth-of-type(3) > div > div:nth-of-type(2) > button,button,True,https://app.allsci.com/hypothesis/ASC-HY-0000010173196-1.0-1717626657,AllSci,,hypothesis_detail
button_metric,Total citations,120,div#main > div > div:nth-of-type(3) > div > div > div:nth-of-type(4) > div:nth-of-type(2) > div:nth-of-type(2) > div > div:nth-of-type(2) > button,button,True,https://app.allsci.com/hypothesis/ASC-HY-0000008357168-1.0-1717626543,AllSci,,hypothesis_detail
button_metric,Total funding,$27K,div#main > div > div:nth-of-type(3) > div > div > div:nth-of-type(4) > div:nth-of-type(2) > div:nth-of-type(3) > div > div:nth-of-type(2) > button,button,True,https://app.allsci.com/hypothesis/ASC-HY-0000008357168-1.0-1717626543,AllSci,,hypothesis_detail
button_metric,Total citations,25,div#main > div > div:nth-of-type(3) > div > div > div:nth-of-type(4) > div:nth-of-type(2) > div:nth-of-type(2) > div > div:nth-of-type(2) > button,button,True,https://app.allsci.com/hypothesis/ASC-HY-0000008751210-1.0-1717626562,AllSci,,hypothesis_detail
button_metric,Total funding,$373K,div#main > div > div:nth-of-type(3) > div > div > div:nth-of-type(4) > div:nth-of-type(2) > div:nth-of-type(3) > div > div:nth-of-type(2) > button,button,True,https://app.allsci.com/hypothesis/ASC-HY-0000008751210-1.0-1717626562,AllSci,,hypothesis_detail
button_metric,Total citations,26,div#main > div > div:nth-of-type(3) > div > div > div:nth-of-type(4) > div:nth-of-type(2) > div:nth-of-type(2) > div > div:nth-of-type(2) > button,button,True,https://app.allsci.com/hypothesis/ASC-HY-0000003303887-1.0-1717626136,AllSci,,hypothesis_detail
button_metric,Total funding,$215K,div#main > div > div:nth-of-type(3) > div > div > div:nth-of-type(4) > div:nth-of-type(2) > div:nth-of-type(3) > div > div:nth-of-type(2) > button,button,True,https://app.allsci.com/hypothesis/ASC-HY-0000003303887-1.0-1717626136,AllSci,,hypothesis_detail
button_metric,Total citations,30,div#main > div > div:nth-of-type(3) > div > div > div:nth-of-type(4) > div:nth-of-type(2) > div:nth-of-type(2) > div > div:nth-of-type(2) > button,button,True,https://app.allsci.com/hypothesis/ASC-HY-0000009704790-1.0-1717626628,AllSci,,hypothesis_detail
button_metric,Total funding,$300K,div#main > div > div:nth-of-type(3) > div > div > div:nth-of-type(4) > div:nth-of-type(2) > div:nth-of-type(3) > div > div:nth-of-type(2) > button,button,True,https://app.allsci.com/hypothesis/ASC-HY-0000009704790-1.0-1717626628,AllSci,,hypothesis_detail
button_metric,Total citations,11,div#main > div > div:nth-of-type(3) > div > div > div:nth-of-type(4) > div:nth-of-type(2) > div:nth-of-type(2) > div > div:nth-of-type(2) > button,button,True,https://app.allsci.com/hypothesis/ASC-HY-0000006197251-1.0-1717626344,AllSci,,hypothesis_detail
button_metric,Total funding,$352K,div#main > div > div:nth-of-type(3) > div > div > div:nth-of-type(4) > div:nth-of-type(2) > div:nth-of-type(3) > div > div:nth-of-type(2) > button,button,True,https://app.allsci.com/hypothesis/ASC-HY-0000006197251-1.0-1717626344,AllSci,,hypothesis_detail
button_metric,Total citations,4,div#main > div > div:nth-of-type(3) > div:nth-of-type(3) > div > div:nth-of-type(2) > div:nth-of-type(2) > div > div:nth-of-type(3) > div > div > div:nth-of-type(2) > button,button,True,https://app.allsci.com/hypothesis/ASC-HY-0000008022734-1.0-1717626505/evidence,AllSci,,hypothesis_detail
button_metric,Total citations,5,div#main > div > div:nth-of-type(3) > div:nth-of-type(3) > div:nth-of-type(2) > div:nth-of-type(2) > div:nth-of-type(2) > div > div:nth-of-type(3) > div > div > div:nth-of-type(2) > button,button,True,https://app.allsci.com/hypothesis/ASC-HY-0000008022734-1.0-1717626505/evidence,AllSci,,hypothesis_detail
button_metric,Total citations,21,div#main > div > div:nth-of-type(3) > div:nth-of-type(3) > div:nth-of-type(3) > div:nth-of-type(2) > div:nth-of-type(2) > div > div:nth-of-type(3) > div > div > div:nth-of-type(2) > button,button,True,https://app.allsci.com/hypothesis/ASC-HY-0000008022734-1.0-1717626505/evidence,AllSci,,hypothesis_detail
button_metric,Total citations,4,div#main > div > div:nth-of-type(3) > div:nth-of-type(3) > div:nth-of-type(4) > div:nth-of-type(2) > div:nth-of-type(2) > div > div:nth-of-type(3) > div > div > div:nth-of-type(2) > button,button,True,https://app.allsci.com/hypothesis/ASC-HY-0000008022734-1.0-1717626505/evidence,AllSci,,hypothesis_detail
button_metric,Total citations,22,div#main > div > div:nth-of-type(3) > div:nth-of-type(3) > div:nth-of-type(5) > div:nth-of-type(2) > div:nth-of-type(2) > div > div:nth-of-type(3) > div > div > div:nth-of-type(2) > button,button,True,https://app.allsci.com/hypothesis/ASC-HY-0000008022734-1.0-1717626505/evidence,AllSci,,hypothesis_detail
button_metric,Total citations,1,div#main > div > div:nth-of-type(3) > div:nth-of-type(3) > div:nth-of-type(6) > div:nth-of-type(2) > div:nth-of-type(2) > div > div:nth-of-type(3) > div > div > div:nth-of-type(2) > button,button,True,https://app.allsci.com/hypothesis/ASC-HY-0000008022734-1.0-1717626505/evidence,AllSci,,hypothesis_detail
button_metric,Total citations,5,div#main > div > div:nth-of-type(3) > div:nth-of-type(3) > div:nth-of-type(8) > div:nth-of-type(2) > div:nth-of-type(2) > div > div:nth-of-type(3) > div > div > div:nth-of-type(2) > button,button,True,https://app.allsci.com/hypothesis/ASC-HY-0000008022734-1.0-1717626505/evidence,AllSci,,hypothesis_detail
button_metric,Total citations,0,div#main > div > div:nth-of-type(3) > div:nth-of-type(3) > div:nth-of-type(9) > div:nth-of-type(2) > div:nth-of-type(2) > div > div:nth-of-type(3) > div > div > div:nth-of-type(2) > button,button,True,https://app.allsci.com/hypothesis/ASC-HY-0000008022734-1.0-1717626505/evidence,AllSci,,hypothesis_detail
button_metric,Total citations,0,div#main > div > div:nth-of-type(3) > div:nth-of-type(3) > div:nth-of-type(10) > div:nth-of-type(2) > div:nth-of-type(2) > div > div:nth-of-type(3) > div > div > div:nth-of-type(2) > button,button,True,https://app.allsci.com/hypothesis/ASC-HY-0000008022734-1.0-1717626505/evidence,AllSci,,hypothesis_detail
button_metric,Total citations,7,div#main > div > div:nth-of-type(3) > div:nth-of-type(3) > div > div:nth-of-type(2) > div:nth-of-type(2) > div > div:nth-of-type(3) > div > div > div:nth-of-type(2) > button,button,True,https://app.allsci.com/hypothesis/ASC-HY-0000006482345-1.0-1717626364/evidence,AllSci,,hypothesis_detail
button_metric,Total citations,23,div#main > div > div:nth-of-type(3) > div:nth-of-type(3) > div:nth-of-type(2) > div:nth-of-type(2) > div:nth-of-type(2) > div > div:nth-of-type(3) > div > div > div:nth-of-type(2) > button,button,True,https://app.allsci.com/hypothesis/ASC-HY-0000006482345-1.0-1717626364/evidence,AllSci,,hypothesis_detail
button_metric,Total citations,5,div#main > div > div:nth-of-type(3) > div:nth-of-type(3) > div:nth-of-type(3) > div:nth-of-type(2) > div:nth-of-type(2) > div > div:nth-of-type(3) > div > div > div:nth-of-type(2) > button,button,True,https://app.allsci.com/hypothesis/ASC-HY-0000006482345-1.0-1717626364/evidence,AllSci,,hypothesis_detail
button_metric,Total citations,12,div#main > div > div:nth-of-type(3) > div:nth-of-type(3) > div:nth-of-type(4) > div:nth-of-type(2) > div:nth-of-type(2) > div > div:nth-of-type(3) > div > div > div:nth-of-type(2) > button,button,True,https://app.allsci.com/hypothesis/ASC-HY-0000006482345-1.0-1717626364/evidence,AllSci,,hypothesis_detail
button_metric,Total citations,12,div#main > div > div:nth-of-type(3) > div:nth-of-type(3) > div:nth-of-type(5) > div:nth-of-type(2) > div:nth-of-type(2) > div > div:nth-of-type(3) > div > div > div:nth-of-type(2) > button,button,True,https://app.allsci.com/hypothesis/ASC-HY-0000006482345-1.0-1717626364/evidence,AllSci,,hypothesis_detail
button_metric,Total citations,22,div#main > div > div:nth-of-type(3) > div:nth-of-type(3) > div:nth-of-type(6) > div:nth-of-type(2) > div:nth-of-type(2) > div > div:nth-of-type(3) > div > div > div:nth-of-type(2) > button,button,True,https://app.allsci.com/hypothesis/ASC-HY-0000006482345-1.0-1717626364/evidence,AllSci,,hypothesis_detail
button_metric,Total citations,4,div#main > div > div:nth-of-type(3) > div:nth-of-type(3) > div:nth-of-type(7) > div:nth-of-type(2) > div:nth-of-type(2) > div > div:nth-of-type(3) > div > div > div:nth-of-type(2) > button,button,True,https://app.allsci.com/hypothesis/ASC-HY-0000006482345-1.0-1717626364/evidence,AllSci,,hypothesis_detail
button_metric,Total citations,18,div#main > div > div:nth-of-type(3) > div:nth-of-type(3) > div:nth-of-type(8) > div:nth-of-type(2) > div:nth-of-type(2) > div > div:nth-of-type(3) > div > div > div:nth-of-type(2) > button,button,True,https://app.allsci.com/hypothesis/ASC-HY-0000006482345-1.0-1717626364/evidence,AllSci,,hypothesis_detail
button_metric,Total citations,27,div#main > div > div:nth-of-type(3) > div:nth-of-type(3) > div:nth-of-type(9) > div:nth-of-type(2) > div:nth-of-type(2) > div > div:nth-of-type(3) > div > div > div:nth-of-type(2) > button,button,True,https://app.allsci.com/hypothesis/ASC-HY-0000006482345-1.0-1717626364/evidence,AllSci,,hypothesis_detail
button_metric,Total citations,47,div#main > div > div:nth-of-type(3) > div:nth-of-type(3) > div:nth-of-type(10) > div:nth-of-type(2) > div:nth-of-type(2) > div > div:nth-of-type(3) > div > div > div:nth-of-type(2) > button,button,True,https://app.allsci.com/hypothesis/ASC-HY-0000006482345-1.0-1717626364/evidence,AllSci,,hypothesis_detail
button_metric,Total citations,27,div#main > div > div:nth-of-type(3) > div:nth-of-type(3) > div:nth-of-type(11) > div:nth-of-type(2) > div:nth-of-type(2) > div > div:nth-of-type(3) > div > div > div:nth-of-type(2) > button,button,True,https://app.allsci.com/hypothesis/ASC-HY-0000006482345-1.0-1717626364/evidence,AllSci,,hypothesis_detail
button_metric,Total citations,119,div#main > div > div:nth-of-type(3) > div:nth-of-type(3) > div:nth-of-type(12) > div:nth-of-type(2) > div:nth-of-type(2) > div > div:nth-of-type(3) > div > div > div:nth-of-type(2) > button,button,True,https://app.allsci.com/hypothesis/ASC-HY-0000006482345-1.0-1717626364/evidence,AllSci,,hypothesis_detail
button_metric,Total citations,75,div#main > div > div:nth-of-type(3) > div:nth-of-type(3) > div:nth-of-type(13) > div:nth-of-type(2) > div:nth-of-type(2) > div > div:nth-of-type(3) > div > div > div:nth-of-type(2) > button,button,True,https://app.allsci.com/hypothesis/ASC-HY-0000006482345-1.0-1717626364/evidence,AllSci,,hypothesis_detail
button_metric,Total contributions,18,div#0author_data > div:nth-of-type(3) > div > button,button,True,https://app.allsci.com/hypothesis/ASC-HY-0000012798535-1.0-1747034775/contributors,AllSci,,hypothesis_detail
button_metric,Total citations,10,div#0author_data > div:nth-of-type(3) > div > button:nth-of-type(2),button,True,https://app.allsci.com/hypothesis/ASC-HY-0000012798535-1.0-1747034775/contributors,AllSci,,hypothesis_detail
button_metric,H-index,1,div#0author_data > div:nth-of-type(3) > div > button:nth-of-type(4),button,True,https://app.allsci.com/hypothesis/ASC-HY-0000012798535-1.0-1747034775/contributors,AllSci,,hypothesis_detail
button_metric,Total contributions,25,div#1author_data > div:nth-of-type(3) > div > button,button,True,https://app.allsci.com/hypothesis/ASC-HY-0000012798535-1.0-1747034775/contributors,AllSci,,hypothesis_detail
button_metric,Total citations,17,div#1author_data > div:nth-of-type(3) > div > button:nth-of-type(2),button,True,https://app.allsci.com/hypothesis/ASC-HY-0000012798535-1.0-1747034775/contributors,AllSci,,hypothesis_detail
button_metric,H-index,2,div#1author_data > div:nth-of-type(3) > div > button:nth-of-type(4),button,True,https://app.allsci.com/hypothesis/ASC-HY-0000012798535-1.0-1747034775/contributors,AllSci,,hypothesis_detail
button_metric,Total contributions,256,div#2author_data > div:nth-of-type(3) > div > button,button,True,https://app.allsci.com/hypothesis/ASC-HY-0000012798535-1.0-1747034775/contributors,AllSci,,hypothesis_detail
button_metric,Total citations,930,div#2author_data > div:nth-of-type(3) > div > button:nth-of-type(2),button,True,https://app.allsci.com/hypothesis/ASC-HY-0000012798535-1.0-1747034775/contributors,AllSci,,hypothesis_detail
button_metric,H-index,13,div#2author_data > div:nth-of-type(3) > div > button:nth-of-type(4),button,True,https://app.allsci.com/hypothesis/ASC-HY-0000012798535-1.0-1747034775/contributors,AllSci,,hypothesis_detail
button_metric,Total contributions,22,div#3author_data > div:nth-of-type(3) > div > button,button,True,https://app.allsci.com/hypothesis/ASC-HY-0000012798535-1.0-1747034775/contributors,AllSci,,hypothesis_detail
button_metric,Total citations,46,div#3author_data > div:nth-of-type(3) > div > button:nth-of-type(2),button,True,https://app.allsci.com/hypothesis/ASC-HY-0000012798535-1.0-1747034775/contributors,AllSci,,hypothesis_detail
button_metric,H-index,3,div#3author_data > div:nth-of-type(3) > div > button:nth-of-type(4),button,True,https://app.allsci.com/hypothesis/ASC-HY-0000012798535-1.0-1747034775/contributors,AllSci,,hypothesis_detail
button_metric,Total contributions,27,div#4author_data > div:nth-of-type(3) > div > button,button,True,https://app.allsci.com/hypothesis/ASC-HY-0000012798535-1.0-1747034775/contributors,AllSci,,hypothesis_detail
button_metric,Total citations,277,div#4author_data > div:nth-of-type(3) > div > button:nth-of-type(2),button,True,https://app.allsci.com/hypothesis/ASC-HY-0000012798535-1.0-1747034775/contributors,AllSci,,hypothesis_detail
button_metric,H-index,7,div#4author_data > div:nth-of-type(3) > div > button:nth-of-type(4),button,True,https://app.allsci.com/hypothesis/ASC-HY-0000012798535-1.0-1747034775/contributors,AllSci,,hypothesis_detail
button_metric,Total contributions,50,div#5author_data > div:nth-of-type(3) > div > button,button,True,https://app.allsci.com/hypothesis/ASC-HY-0000012798535-1.0-1747034775/contributors,AllSci,,hypothesis_detail
button_metric,Total citations,108,div#5author_data > div:nth-of-type(3) > div > button:nth-of-type(2),button,True,https://app.allsci.com/hypothesis/ASC-HY-0000012798535-1.0-1747034775/contributors,AllSci,,hypothesis_detail
button_metric,H-index,6,div#5author_data > div:nth-of-type(3) > div > button:nth-of-type(4),button,True,https://app.allsci.com/hypothesis/ASC-HY-0000012798535-1.0-1747034775/contributors,AllSci,,hypothesis_detail
button_metric,Total contributions,159,div#6author_data > div:nth-of-type(3) > div > button,button,True,https://app.allsci.com/hypothesis/ASC-HY-0000012798535-1.0-1747034775/contributors,AllSci,,hypothesis_detail
button_metric,Total citations,"4,526",div#6author_data > div:nth-of-type(3) > div > button:nth-of-type(2),button,True,https://app.allsci.com/hypothesis/ASC-HY-0000012798535-1.0-1747034775/contributors,AllSci,,hypothesis_detail
button_metric,H-index,33,div#6author_data > div:nth-of-type(3) > div > button:nth-of-type(4),button,True,https://app.allsci.com/hypothesis/ASC-HY-0000012798535-1.0-1747034775/contributors,AllSci,,hypothesis_detail
button_metric,Total contributions,575,div#7author_data > div:nth-of-type(3) > div > button,button,True,https://app.allsci.com/hypothesis/ASC-HY-0000012798535-1.0-1747034775/contributors,AllSci,,hypothesis_detail
button_metric,Total citations,"17,160",div#7author_data > div:nth-of-type(3) > div > button:nth-of-type(2),button,True,https://app.allsci.com/hypothesis/ASC-HY-0000012798535-1.0-1747034775/contributors,AllSci,,hypothesis_detail
button_metric,H-index,62,div#7author_data > div:nth-of-type(3) > div > button:nth-of-type(4),button,True,https://app.allsci.com/hypothesis/ASC-HY-0000012798535-1.0-1747034775/contributors,AllSci,,hypothesis_detail
button_metric,Total contributions,16,div#8author_data > div:nth-of-type(3) > div > button,button,True,https://app.allsci.com/hypothesis/ASC-HY-0000012798535-1.0-1747034775/contributors,AllSci,,hypothesis_detail
button_metric,Total citations,409,div#8author_data > div:nth-of-type(3) > div > button:nth-of-type(2),button,True,https://app.allsci.com/hypothesis/ASC-HY-0000012798535-1.0-1747034775/contributors,AllSci,,hypothesis_detail
button_metric,H-index,2,div#8author_data > div:nth-of-type(3) > div > button:nth-of-type(4),button,True,https://app.allsci.com/hypothesis/ASC-HY-0000012798535-1.0-1747034775/contributors,AllSci,,hypothesis_detail
button_metric,Total contributions,6,div#9author_data > div:nth-of-type(3) > div > button,button,True,https://app.allsci.com/hypothesis/ASC-HY-0000012798535-1.0-1747034775/contributors,AllSci,,hypothesis_detail
button_metric,Total citations,0,div#9author_data > div:nth-of-type(3) > div > button:nth-of-type(2),button,True,https://app.allsci.com/hypothesis/ASC-HY-0000012798535-1.0-1747034775/contributors,AllSci,,hypothesis_detail
button_metric,H-index,0,div#9author_data > div:nth-of-type(3) > div > button:nth-of-type(4),button,True,https://app.allsci.com/hypothesis/ASC-HY-0000012798535-1.0-1747034775/contributors,AllSci,,hypothesis_detail
button_metric,page 1,1,div#main > div > div:nth-of-type(4) > div:nth-of-type(12) > nav > ul > li:nth-of-type(2) > button,button,True,https://app.allsci.com/hypothesis/ASC-HY-0000012798535-1.0-1747034775/contributors,AllSci,,hypothesis_detail
button_metric,Go to page 2,2,div#main > div > div:nth-of-type(4) > div:nth-of-type(12) > nav > ul > li:nth-of-type(3) > button,button,True,https://app.allsci.com/hypothesis/ASC-HY-0000012798535-1.0-1747034775/contributors,AllSci,,hypothesis_detail
button_metric,Total citations,0,div#main > div > div:nth-of-type(3) > div:nth-of-type(3) > div > div:nth-of-type(2) > div:nth-of-type(2) > div > div:nth-of-type(3) > div > div > div:nth-of-type(2) > button,button,True,https://app.allsci.com/hypothesis/ASC-HY-0000008357168-1.0-1717626543/evidence,AllSci,,hypothesis_detail
button_metric,Total citations,1,div#main > div > div:nth-of-type(3) > div:nth-of-type(3) > div:nth-of-type(2) > div:nth-of-type(2) > div:nth-of-type(2) > div > div:nth-of-type(3) > div > div > div:nth-of-type(2) > button,button,True,https://app.allsci.com/hypothesis/ASC-HY-0000008357168-1.0-1717626543/evidence,AllSci,,hypothesis_detail
button_metric,Total citations,17,div#main > div > div:nth-of-type(3) > div:nth-of-type(3) > div:nth-of-type(3) > div:nth-of-type(2) > div:nth-of-type(2) > div > div:nth-of-type(3) > div > div > div:nth-of-type(2) > button,button,True,https://app.allsci.com/hypothesis/ASC-HY-0000008357168-1.0-1717626543/evidence,AllSci,,hypothesis_detail
button_metric,Total citations,2,div#main > div > div:nth-of-type(3) > div:nth-of-type(3) > div:nth-of-type(4) > div:nth-of-type(2) > div:nth-of-type(2) > div > div:nth-of-type(3) > div > div > div:nth-of-type(2) > button,button,True,https://app.allsci.com/hypothesis/ASC-HY-0000008357168-1.0-1717626543/evidence,AllSci,,hypothesis_detail
button_metric,Total citations,15,div#main > div > div:nth-of-type(3) > div:nth-of-type(3) > div:nth-of-type(5) > div:nth-of-type(2) > div:nth-of-type(2) > div > div:nth-of-type(3) > div > div > div:nth-of-type(2) > button,button,True,https://app.allsci.com/hypothesis/ASC-HY-0000008357168-1.0-1717626543/evidence,AllSci,,hypothesis_detail
button_metric,Total citations,25,div#main > div > div:nth-of-type(3) > div:nth-of-type(3) > div:nth-of-type(6) > div:nth-of-type(2) > div:nth-of-type(2) > div > div:nth-of-type(3) > div > div > div:nth-of-type(2) > button,button,True,https://app.allsci.com/hypothesis/ASC-HY-0000008357168-1.0-1717626543/evidence,AllSci,,hypothesis_detail
button_metric,Total citations,43,div#main > div > div:nth-of-type(3) > div:nth-of-type(3) > div:nth-of-type(7) > div:nth-of-type(2) > div:nth-of-type(2) > div > div:nth-of-type(3) > div > div > div:nth-of-type(2) > button,button,True,https://app.allsci.com/hypothesis/ASC-HY-0000008357168-1.0-1717626543/evidence,AllSci,,hypothesis_detail
button_metric,Total citations,160,div#main > div > div:nth-of-type(3) > div:nth-of-type(3) > div:nth-of-type(8) > div:nth-of-type(2) > div:nth-of-type(2) > div > div:nth-of-type(3) > div > div > div:nth-of-type(2) > button,button,True,https://app.allsci.com/hypothesis/ASC-HY-0000008357168-1.0-1717626543/evidence,AllSci,,hypothesis_detail
button_metric,Total citations,103,div#main > div > div:nth-of-type(3) > div:nth-of-type(3) > div:nth-of-type(9) > div:nth-of-type(2) > div:nth-of-type(2) > div > div:nth-of-type(3) > div > div > div:nth-of-type(2) > button,button,True,https://app.allsci.com/hypothesis/ASC-HY-0000008357168-1.0-1717626543/evidence,AllSci,,hypothesis_detail
button_metric,Total citations,113,div#main > div > div:nth-of-type(3) > div:nth-of-type(3) > div:nth-of-type(10) > div:nth-of-type(2) > div:nth-of-type(2) > div > div:nth-of-type(3) > div > div > div:nth-of-type(2) > button,button,True,https://app.allsci.com/hypothesis/ASC-HY-0000008357168-1.0-1717626543/evidence,AllSci,,hypothesis_detail
button_metric,Total contributions,81,div#0author_data > div:nth-of-type(3) > div > button,button,True,https://app.allsci.com/hypothesis/ASC-HY-0000008357168-1.0-1717626543/contributors,AllSci,,hypothesis_detail
button_metric,Total citations,476,div#0author_data > div:nth-of-type(3) > div > button:nth-of-type(2),button,True,https://app.allsci.com/hypothesis/ASC-HY-0000008357168-1.0-1717626543/contributors,AllSci,,hypothesis_detail
button_metric,H-index,9,div#0author_data > div:nth-of-type(3) > div > button:nth-of-type(4),button,True,https://app.allsci.com/hypothesis/ASC-HY-0000008357168-1.0-1717626543/contributors,AllSci,,hypothesis_detail
button_metric,Total contributions,70,div#1author_data > div:nth-of-type(3) > div > button,button,True,https://app.allsci.com/hypothesis/ASC-HY-0000008357168-1.0-1717626543/contributors,AllSci,,hypothesis_detail
button_metric,Total citations,"1,033",div#1author_data > div:nth-of-type(3) > div > button:nth-of-type(2),button,True,https://app.allsci.com/hypothesis/ASC-HY-0000008357168-1.0-1717626543/contributors,AllSci,,hypothesis_detail
button_metric,H-index,18,div#1author_data > div:nth-of-type(3) > div > button:nth-of-type(4),button,True,https://app.allsci.com/hypothesis/ASC-HY-0000008357168-1.0-1717626543/contributors,AllSci,,hypothesis_detail
button_metric,Total contributions,139,div#2author_data > div:nth-of-type(3) > div > button,button,True,https://app.allsci.com/hypothesis/ASC-HY-0000008357168-1.0-1717626543/contributors,AllSci,,hypothesis_detail
button_metric,Total citations,"1,931",div#2author_data > div:nth-of-type(3) > div > button:nth-of-type(2),button,True,https://app.allsci.com/hypothesis/ASC-HY-0000008357168-1.0-1717626543/contributors,AllSci,,hypothesis_detail
button_metric,H-index,21,div#2author_data > div:nth-of-type(3) > div > button:nth-of-type(4),button,True,https://app.allsci.com/hypothesis/ASC-HY-0000008357168-1.0-1717626543/contributors,AllSci,,hypothesis_detail
button_metric,Total contributions,221,div#3author_data > div:nth-of-type(3) > div > button,button,True,https://app.allsci.com/hypothesis/ASC-HY-0000008357168-1.0-1717626543/contributors,AllSci,,hypothesis_detail
button_metric,Total citations,"5,743",div#3author_data > div:nth-of-type(3) > div > button:nth-of-type(2),button,True,https://app.allsci.com/hypothesis/ASC-HY-0000008357168-1.0-1717626543/contributors,AllSci,,hypothesis_detail
button_metric,H-index,41,div#3author_data > div:nth-of-type(3) > div > button:nth-of-type(4),button,True,https://app.allsci.com/hypothesis/ASC-HY-0000008357168-1.0-1717626543/contributors,AllSci,,hypothesis_detail
button_metric,Total contributions,35,div#4author_data > div:nth-of-type(3) > div > button,button,True,https://app.allsci.com/hypothesis/ASC-HY-0000008357168-1.0-1717626543/contributors,AllSci,,hypothesis_detail
button_metric,Total citations,993,div#4author_data > div:nth-of-type(3) > div > button:nth-of-type(2),button,True,https://app.allsci.com/hypothesis/ASC-HY-0000008357168-1.0-1717626543/contributors,AllSci,,hypothesis_detail
button_metric,H-index,19,div#4author_data > div:nth-of-type(3) > div > button:nth-of-type(4),button,True,https://app.allsci.com/hypothesis/ASC-HY-0000008357168-1.0-1717626543/contributors,AllSci,,hypothesis_detail
button_metric,Total contributions,164,div#5author_data > div:nth-of-type(3) > div > button,button,True,https://app.allsci.com/hypothesis/ASC-HY-0000008357168-1.0-1717626543/contributors,AllSci,,hypothesis_detail
button_metric,Total citations,"1,929",div#5author_data > div:nth-of-type(3) > div > button:nth-of-type(2),button,True,https://app.allsci.com/hypothesis/ASC-HY-0000008357168-1.0-1717626543/contributors,AllSci,,hypothesis_detail
button_metric,H-index,26,div#5author_data > div:nth-of-type(3) > div > button:nth-of-type(4),button,True,https://app.allsci.com/hypothesis/ASC-HY-0000008357168-1.0-1717626543/contributors,AllSci,,hypothesis_detail
button_metric,Total contributions,142,div#0author_data > div:nth-of-type(3) > div > button,button,True,https://app.allsci.com/hypothesis/ASC-HY-0000003303887-1.0-1717626136/contributors,AllSci,,hypothesis_detail
button_metric,Total citations,"1,560",div#0author_data > div:nth-of-type(3) > div > button:nth-of-type(2),button,True,https://app.allsci.com/hypothesis/ASC-HY-0000003303887-1.0-1717626136/contributors,AllSci,,hypothesis_detail
button_metric,H-index,18,div#0author_data > div:nth-of-type(3) > div > button:nth-of-type(4),button,True,https://app.allsci.com/hypothesis/ASC-HY-0000003303887-1.0-1717626136/contributors,AllSci,,hypothesis_detail
button_metric,Total contributions,88,div#1author_data > div:nth-of-type(3) > div > button,button,True,https://app.allsci.com/hypothesis/ASC-HY-0000003303887-1.0-1717626136/contributors,AllSci,,hypothesis_detail
button_metric,Total citations,"1,055",div#1author_data > div:nth-of-type(3) > div > button:nth-of-type(2),button,True,https://app.allsci.com/hypothesis/ASC-HY-0000003303887-1.0-1717626136/contributors,AllSci,,hypothesis_detail
button_metric,H-index,18,div#1author_data > div:nth-of-type(3) > div > button:nth-of-type(4),button,True,https://app.allsci.com/hypothesis/ASC-HY-0000003303887-1.0-1717626136/contributors,AllSci,,hypothesis_detail
button_metric,Total contributions,6,div#2author_data > div:nth-of-type(3) > div > button,button,True,https://app.allsci.com/hypothesis/ASC-HY-0000003303887-1.0-1717626136/contributors,AllSci,,hypothesis_detail
button_metric,Total citations,35,div#2author_data > div:nth-of-type(3) > div > button:nth-of-type(2),button,True,https://app.allsci.com/hypothesis/ASC-HY-0000003303887-1.0-1717626136/contributors,AllSci,,hypothesis_detail
button_metric,H-index,1,div#2author_data > div:nth-of-type(3) > div > button:nth-of-type(4),button,True,https://app.allsci.com/hypothesis/ASC-HY-0000003303887-1.0-1717626136/contributors,AllSci,,hypothesis_detail
button_metric,Total contributions,115,div#3author_data > div:nth-of-type(3) > div > button,button,True,https://app.allsci.com/hypothesis/ASC-HY-0000003303887-1.0-1717626136/contributors,AllSci,,hypothesis_detail
button_metric,Total citations,766,div#3author_data > div:nth-of-type(3) > div > button:nth-of-type(2),button,True,https://app.allsci.com/hypothesis/ASC-HY-0000003303887-1.0-1717626136/contributors,AllSci,,hypothesis_detail
button_metric,H-index,16,div#3author_data > div:nth-of-type(3) > div > button:nth-of-type(4),button,True,https://app.allsci.com/hypothesis/ASC-HY-0000003303887-1.0-1717626136/contributors,AllSci,,hypothesis_detail
button_metric,Total contributions,54,div#0author_data > div:nth-of-type(3) > div > button,button,True,https://app.allsci.com/hypothesis/ASC-HY-0000009704790-1.0-1717626628/contributors,AllSci,,hypothesis_detail
button_metric,Total citations,251,div#0author_data > div:nth-of-type(3) > div > button:nth-of-type(2),button,True,https://app.allsci.com/hypothesis/ASC-HY-0000009704790-1.0-1717626628/contributors,AllSci,,hypothesis_detail
button_metric,H-index,10,div#0author_data > div:nth-of-type(3) > div > button:nth-of-type(4),button,True,https://app.allsci.com/hypothesis/ASC-HY-0000009704790-1.0-1717626628/contributors,AllSci,,hypothesis_detail
button_metric,Total contributions,264,div#1author_data > div:nth-of-type(3) > div > button,button,True,https://app.allsci.com/hypothesis/ASC-HY-0000009704790-1.0-1717626628/contributors,AllSci,,hypothesis_detail
button_metric,Total citations,"3,497",div#1author_data > div:nth-of-type(3) > div > button:nth-of-type(2),button,True,https://app.allsci.com/hypothesis/ASC-HY-0000009704790-1.0-1717626628/contributors,AllSci,,hypothesis_detail
button_metric,H-index,29,div#1author_data > div:nth-of-type(3) > div > button:nth-of-type(4),button,True,https://app.allsci.com/hypothesis/ASC-HY-0000009704790-1.0-1717626628/contributors,AllSci,,hypothesis_detail
button_metric,Total contributions,28,div#2author_data > div:nth-of-type(3) > div > button,button,True,https://app.allsci.com/hypothesis/ASC-HY-0000009704790-1.0-1717626628/contributors,AllSci,,hypothesis_detail
button_metric,Total citations,214,div#2author_data > div:nth-of-type(3) > div > button:nth-of-type(2),button,True,https://app.allsci.com/hypothesis/ASC-HY-0000009704790-1.0-1717626628/contributors,AllSci,,hypothesis_detail
button_metric,H-index,7,div#2author_data > div:nth-of-type(3) > div > button:nth-of-type(4),button,True,https://app.allsci.com/hypothesis/ASC-HY-0000009704790-1.0-1717626628/contributors,AllSci,,hypothesis_detail
button_metric,Total contributions,75,div#0author_data > div:nth-of-type(3) > div > button,button,True,https://app.allsci.com/hypothesis/ASC-HY-0000006197251-1.0-1717626344/contributors,AllSci,,hypothesis_detail
button_metric,Total citations,522,div#0author_data > div:nth-of-type(3) > div > button:nth-of-type(2),button,True,https://app.allsci.com/hypothesis/ASC-HY-0000006197251-1.0-1717626344/contributors,AllSci,,hypothesis_detail
button_metric,H-index,14,div#0author_data > div:nth-of-type(3) > div > button:nth-of-type(4),button,True,https://app.allsci.com/hypothesis/ASC-HY-0000006197251-1.0-1717626344/contributors,AllSci,,hypothesis_detail
button_metric,Total contributions,20,div#1author_data > div:nth-of-type(3) > div > button,button,True,https://app.allsci.com/hypothesis/ASC-HY-0000006197251-1.0-1717626344/contributors,AllSci,,hypothesis_detail
button_metric,Total citations,"1,015",div#1author_data > div:nth-of-type(3) > div > button:nth-of-type(2),button,True,https://app.allsci.com/hypothesis/ASC-HY-0000006197251-1.0-1717626344/contributors,AllSci,,hypothesis_detail
button_metric,H-index,7,div#1author_data > div:nth-of-type(3) > div > button:nth-of-type(4),button,True,https://app.allsci.com/hypothesis/ASC-HY-0000006197251-1.0-1717626344/contributors,AllSci,,hypothesis_detail
button_metric,Total contributions,214,div#2author_data > div:nth-of-type(3) > div > button,button,True,https://app.allsci.com/hypothesis/ASC-HY-0000006197251-1.0-1717626344/contributors,AllSci,,hypothesis_detail
button_metric,Total citations,"4,282",div#2author_data > div:nth-of-type(3) > div > button:nth-of-type(2),button,True,https://app.allsci.com/hypothesis/ASC-HY-0000006197251-1.0-1717626344/contributors,AllSci,,hypothesis_detail
button_metric,H-index,29,div#2author_data > div:nth-of-type(3) > div > button:nth-of-type(4),button,True,https://app.allsci.com/hypothesis/ASC-HY-0000006197251-1.0-1717626344/contributors,AllSci,,hypothesis_detail
button_metric,Total contributions,71,div#3author_data > div:nth-of-type(3) > div > button,button,True,https://app.allsci.com/hypothesis/ASC-HY-0000006197251-1.0-1717626344/contributors,AllSci,,hypothesis_detail
button_metric,Total citations,800,div#3author_data > div:nth-of-type(3) > div > button:nth-of-type(2),button,True,https://app.allsci.com/hypothesis/ASC-HY-0000006197251-1.0-1717626344/contributors,AllSci,,hypothesis_detail
button_metric,H-index,13,div#3author_data > div:nth-of-type(3) > div > button:nth-of-type(4),button,True,https://app.allsci.com/hypothesis/ASC-HY-0000006197251-1.0-1717626344/contributors,AllSci,,hypothesis_detail
button_metric,Total contributions,207,div#4author_data > div:nth-of-type(3) > div > button,button,True,https://app.allsci.com/hypothesis/ASC-HY-0000006197251-1.0-1717626344/contributors,AllSci,,hypothesis_detail
button_metric,Total citations,"2,070",div#4author_data > div:nth-of-type(3) > div > button:nth-of-type(2),button,True,https://app.allsci.com/hypothesis/ASC-HY-0000006197251-1.0-1717626344/contributors,AllSci,,hypothesis_detail
button_metric,H-index,24,div#4author_data > div:nth-of-type(3) > div > button:nth-of-type(4),button,True,https://app.allsci.com/hypothesis/ASC-HY-0000006197251-1.0-1717626344/contributors,AllSci,,hypothesis_detail
button_metric,Total contributions,489,div#5author_data > div:nth-of-type(3) > div > button,button,True,https://app.allsci.com/hypothesis/ASC-HY-0000006197251-1.0-1717626344/contributors,AllSci,,hypothesis_detail
button_metric,Total citations,"39,768",div#5author_data > div:nth-of-type(3) > div > button:nth-of-type(2),button,True,https://app.allsci.com/hypothesis/ASC-HY-0000006197251-1.0-1717626344/contributors,AllSci,,hypothesis_detail
button_metric,H-index,100,div#5author_data > div:nth-of-type(3) > div > button:nth-of-type(4),button,True,https://app.allsci.com/hypothesis/ASC-HY-0000006197251-1.0-1717626344/contributors,AllSci,,hypothesis_detail
button_metric,Total contributions,"1,131",div#6author_data > div:nth-of-type(3) > div > button,button,True,https://app.allsci.com/hypothesis/ASC-HY-0000006197251-1.0-1717626344/contributors,AllSci,,hypothesis_detail
button_metric,Total citations,"33,733",div#6author_data > div:nth-of-type(3) > div > button:nth-of-type(2),button,True,https://app.allsci.com/hypothesis/ASC-HY-0000006197251-1.0-1717626344/contributors,AllSci,,hypothesis_detail
button_metric,H-index,93,div#6author_data > div:nth-of-type(3) > div > button:nth-of-type(4),button,True,https://app.allsci.com/hypothesis/ASC-HY-0000006197251-1.0-1717626344/contributors,AllSci,,hypothesis_detail
button_metric,Total contributions,277,div#7author_data > div:nth-of-type(3) > div > button,button,True,https://app.allsci.com/hypothesis/ASC-HY-0000006197251-1.0-1717626344/contributors,AllSci,,hypothesis_detail
button_metric,Total citations,"7,445",div#7author_data > div:nth-of-type(3) > div > button:nth-of-type(2),button,True,https://app.allsci.com/hypothesis/ASC-HY-0000006197251-1.0-1717626344/contributors,AllSci,,hypothesis_detail
button_metric,H-index,37,div#7author_data > div:nth-of-type(3) > div > button:nth-of-type(4),button,True,https://app.allsci.com/hypothesis/ASC-HY-0000006197251-1.0-1717626344/contributors,AllSci,,hypothesis_detail
button_metric,Total citations,4,div#main > div > div:nth-of-type(3) > div:nth-of-type(3) > div > div:nth-of-type(2) > div:nth-of-type(2) > div > div:nth-of-type(3) > div > div > div:nth-of-type(2) > button,button,True,https://app.allsci.com/hypothesis/ASC-HY-0000006197251-1.0-1717626344/evidence,AllSci,,hypothesis_detail
button_metric,Total citations,10,div#main > div > div:nth-of-type(3) > div:nth-of-type(3) > div:nth-of-type(2) > div:nth-of-type(2) > div:nth-of-type(2) > div > div:nth-of-type(3) > div > div > div:nth-of-type(2) > button,button,True,https://app.allsci.com/hypothesis/ASC-HY-0000006197251-1.0-1717626344/evidence,AllSci,,hypothesis_detail
button_metric,Total citations,0,div#main > div > div:nth-of-type(3) > div:nth-of-type(3) > div:nth-of-type(3) > div:nth-of-type(2) > div:nth-of-type(2) > div > div:nth-of-type(3) > div > div > div:nth-of-type(2) > button,button,True,https://app.allsci.com/hypothesis/ASC-HY-0000006197251-1.0-1717626344/evidence,AllSci,,hypothesis_detail
button_metric,Total citations,1,div#main > div > div:nth-of-type(3) > div:nth-of-type(3) > div:nth-of-type(4) > div:nth-of-type(2) > div:nth-of-type(2) > div > div:nth-of-type(3) > div > div > div:nth-of-type(2) > button,button,True,https://app.allsci.com/hypothesis/ASC-HY-0000006197251-1.0-1717626344/evidence,AllSci,,hypothesis_detail
button_metric,Total citations,2,div#main > div > div:nth-of-type(3) > div:nth-of-type(3) > div:nth-of-type(5) > div:nth-of-type(2) > div:nth-of-type(2) > div > div:nth-of-type(3) > div > div > div:nth-of-type(2) > button,button,True,https://app.allsci.com/hypothesis/ASC-HY-0000006197251-1.0-1717626344/evidence,AllSci,,hypothesis_detail
button_metric,Total citations,41,div#main > div > div:nth-of-type(3) > div:nth-of-type(3) > div:nth-of-type(6) > div:nth-of-type(2) > div:nth-of-type(2) > div > div:nth-of-type(3) > div > div > div:nth-of-type(2) > button,button,True,https://app.allsci.com/hypothesis/ASC-HY-0000006197251-1.0-1717626344/evidence,AllSci,,hypothesis_detail
button_metric,Total citations,3,div#main > div > div:nth-of-type(3) > div:nth-of-type(3) > div:nth-of-type(7) > div:nth-of-type(2) > div:nth-of-type(2) > div > div:nth-of-type(3) > div > div > div:nth-of-type(2) > button,button,True,https://app.allsci.com/hypothesis/ASC-HY-0000006197251-1.0-1717626344/evidence,AllSci,,hypothesis_detail
button_metric,Total citations,13,div#main > div > div:nth-of-type(3) > div:nth-of-type(3) > div:nth-of-type(8) > div:nth-of-type(2) > div:nth-of-type(2) > div > div:nth-of-type(3) > div > div > div:nth-of-type(2) > button,button,True,https://app.allsci.com/hypothesis/ASC-HY-0000006197251-1.0-1717626344/evidence,AllSci,,hypothesis_detail
button_metric,Total citations,5,div#main > div > div:nth-of-type(3) > div:nth-of-type(3) > div:nth-of-type(9) > div:nth-of-type(2) > div:nth-of-type(2) > div > div:nth-of-type(3) > div > div > div:nth-of-type(2) > button,button,True,https://app.allsci.com/hypothesis/ASC-HY-0000006197251-1.0-1717626344/evidence,AllSci,,hypothesis_detail
button_metric,Total citations,10,div#main > div > div:nth-of-type(3) > div:nth-of-type(3) > div:nth-of-type(10) > div:nth-of-type(2) > div:nth-of-type(2) > div > div:nth-of-type(3) > div > div > div:nth-of-type(2) > button,button,True,https://app.allsci.com/hypothesis/ASC-HY-0000006197251-1.0-1717626344/evidence,AllSci,,hypothesis_detail
button_metric,Total citations,39,div#main > div > div:nth-of-type(3) > div > div > div:nth-of-type(4) > div:nth-of-type(2) > div:nth-of-type(2) > div > div:nth-of-type(2) > button,button,True,https://app.allsci.com/hypothesis/ASC-HY-0000003928223-1.0-1717626179,AllSci,,hypothesis_detail
button_metric,Total funding,$335K,div#main > div > div:nth-of-type(3) > div > div > div:nth-of-type(4) > div:nth-of-type(2) > div:nth-of-type(3) > div > div:nth-of-type(2) > button,button,True,https://app.allsci.com/hypothesis/ASC-HY-0000003928223-1.0-1717626179,AllSci,,hypothesis_detail
button_metric,Total citations,1,div#main > div > div:nth-of-type(3) > div:nth-of-type(3) > div > div:nth-of-type(2) > div:nth-of-type(2) > div > div:nth-of-type(3) > div > div > div:nth-of-type(2) > button,button,True,https://app.allsci.com/hypothesis/ASC-HY-0000003372723-1.0-1717626143/evidence,AllSci,,hypothesis_detail
button_metric,Total citations,1,div#main > div > div:nth-of-type(3) > div:nth-of-type(3) > div:nth-of-type(2) > div:nth-of-type(2) > div:nth-of-type(2) > div > div:nth-of-type(3) > div > div > div:nth-of-type(2) > button,button,True,https://app.allsci.com/hypothesis/ASC-HY-0000003372723-1.0-1717626143/evidence,AllSci,,hypothesis_detail
button_metric,Total citations,73,div#main > div > div:nth-of-type(3) > div:nth-of-type(3) > div:nth-of-type(3) > div:nth-of-type(2) > div:nth-of-type(2) > div > div:nth-of-type(3) > div > div > div:nth-of-type(2) > button,button,True,https://app.allsci.com/hypothesis/ASC-HY-0000003372723-1.0-1717626143/evidence,AllSci,,hypothesis_detail
button_metric,Total citations,1,div#main > div > div:nth-of-type(3) > div:nth-of-type(3) > div:nth-of-type(4) > div:nth-of-type(2) > div:nth-of-type(2) > div > div:nth-of-type(3) > div > div > div:nth-of-type(2) > button,button,True,https://app.allsci.com/hypothesis/ASC-HY-0000003372723-1.0-1717626143/evidence,AllSci,,hypothesis_detail
button_metric,Total citations,0,div#main > div > div:nth-of-type(3) > div:nth-of-type(3) > div:nth-of-type(5) > div:nth-of-type(2) > div:nth-of-type(2) > div > div:nth-of-type(3) > div > div > div:nth-of-type(2) > button,button,True,https://app.allsci.com/hypothesis/ASC-HY-0000003372723-1.0-1717626143/evidence,AllSci,,hypothesis_detail
button_metric,Total citations,67,div#main > div > div:nth-of-type(3) > div:nth-of-type(3) > div:nth-of-type(6) > div:nth-of-type(2) > div:nth-of-type(2) > div > div:nth-of-type(3) > div > div > div:nth-of-type(2) > button,button,True,https://app.allsci.com/hypothesis/ASC-HY-0000003372723-1.0-1717626143/evidence,AllSci,,hypothesis_detail
button_metric,Total citations,0,div#main > div > div:nth-of-type(3) > div:nth-of-type(3) > div:nth-of-type(7) > div:nth-of-type(2) > div:nth-of-type(2) > div > div:nth-of-type(3) > div > div > div:nth-of-type(2) > button,button,True,https://app.allsci.com/hypothesis/ASC-HY-0000003372723-1.0-1717626143/evidence,AllSci,,hypothesis_detail
button_metric,Total citations,41,div#main > div > div:nth-of-type(3) > div:nth-of-type(3) > div:nth-of-type(8) > div:nth-of-type(2) > div:nth-of-type(2) > div > div:nth-of-type(3) > div > div > div:nth-of-type(2) > button,button,True,https://app.allsci.com/hypothesis/ASC-HY-0000003372723-1.0-1717626143/evidence,AllSci,,hypothesis_detail
button_metric,Total citations,0,div#main > div > div:nth-of-type(3) > div:nth-of-type(3) > div:nth-of-type(9) > div:nth-of-type(2) > div:nth-of-type(2) > div > div:nth-of-type(3) > div > div > div:nth-of-type(2) > button,button,True,https://app.allsci.com/hypothesis/ASC-HY-0000003372723-1.0-1717626143/evidence,AllSci,,hypothesis_detail
button_metric,Total citations,11,div#main > div > div:nth-of-type(3) > div:nth-of-type(3) > div:nth-of-type(10) > div:nth-of-type(2) > div:nth-of-type(2) > div > div:nth-of-type(3) > div > div > div:nth-of-type(2) > button,button,True,https://app.allsci.com/hypothesis/ASC-HY-0000003372723-1.0-1717626143/evidence,AllSci,,hypothesis_detail
button_metric,Total contributions,221,div#0author_data > div:nth-of-type(3) > div > button,button,True,https://app.allsci.com/hypothesis/ASC-HY-0000003372723-1.0-1717626143/contributors,AllSci,,hypothesis_detail
button_metric,Total citations,483,div#0author_data > div:nth-of-type(3) > div > button:nth-of-type(2),button,True,https://app.allsci.com/hypothesis/ASC-HY-0000003372723-1.0-1717626143/contributors,AllSci,,hypothesis_detail
button_metric,H-index,9,div#0author_data > div:nth-of-type(3) > div > button:nth-of-type(4),button,True,https://app.allsci.com/hypothesis/ASC-HY-0000003372723-1.0-1717626143/contributors,AllSci,,hypothesis_detail
button_metric,Total contributions,220,div#1author_data > div:nth-of-type(3) > div > button,button,True,https://app.allsci.com/hypothesis/ASC-HY-0000003372723-1.0-1717626143/contributors,AllSci,,hypothesis_detail
button_metric,Total citations,494,div#1author_data > div:nth-of-type(3) > div > button:nth-of-type(2),button,True,https://app.allsci.com/hypothesis/ASC-HY-0000003372723-1.0-1717626143/contributors,AllSci,,hypothesis_detail
button_metric,H-index,10,div#1author_data > div:nth-of-type(3) > div > button:nth-of-type(4),button,True,https://app.allsci.com/hypothesis/ASC-HY-0000003372723-1.0-1717626143/contributors,AllSci,,hypothesis_detail
button_metric,Total contributions,21,div#2author_data > div:nth-of-type(3) > div > button,button,True,https://app.allsci.com/hypothesis/ASC-HY-0000003372723-1.0-1717626143/contributors,AllSci,,hypothesis_detail
button_metric,Total citations,1,div#2author_data > div:nth-of-type(3) > div > button:nth-of-type(2),button,True,https://app.allsci.com/hypothesis/ASC-HY-0000003372723-1.0-1717626143/contributors,AllSci,,hypothesis_detail
button_metric,H-index,1,div#2author_data > div:nth-of-type(3) > div > button:nth-of-type(4),button,True,https://app.allsci.com/hypothesis/ASC-HY-0000003372723-1.0-1717626143/contributors,AllSci,,hypothesis_detail
button_metric,Total contributions,124,div#3author_data > div:nth-of-type(3) > div > button,button,True,https://app.allsci.com/hypothesis/ASC-HY-0000003372723-1.0-1717626143/contributors,AllSci,,hypothesis_detail
button_metric,Total citations,"2,204",div#3author_data > div:nth-of-type(3) > div > button:nth-of-type(2),button,True,https://app.allsci.com/hypothesis/ASC-HY-0000003372723-1.0-1717626143/contributors,AllSci,,hypothesis_detail
button_metric,H-index,12,div#3author_data > div:nth-of-type(3) > div > button:nth-of-type(4),button,True,https://app.allsci.com/hypothesis/ASC-HY-0000003372723-1.0-1717626143/contributors,AllSci,,hypothesis_detail
button_metric,Total citations,11,div#main > div > div:nth-of-type(3) > div > div > div:nth-of-type(4) > div:nth-of-type(2) > div:nth-of-type(2) > div > div:nth-of-type(2) > button,button,True,https://app.allsci.com/hypothesis/ASC-HY-0000004773209-1.0-1717626242,AllSci,,hypothesis_detail
button_metric,Total funding,$708K,div#main > div > div:nth-of-type(3) > div > div > div:nth-of-type(4) > div:nth-of-type(2) > div:nth-of-type(3) > div > div:nth-of-type(2) > button,button,True,https://app.allsci.com/hypothesis/ASC-HY-0000004773209-1.0-1717626242,AllSci,,hypothesis_detail
button_metric,Total citations,45,div#main > div > div:nth-of-type(3) > div > div > div:nth-of-type(4) > div:nth-of-type(2) > div:nth-of-type(2) > div > div:nth-of-type(2) > button,button,True,https://app.allsci.com/hypothesis/ASC-HY-0000006048989-1.0-1717626337,AllSci,,hypothesis_detail
button_metric,Total funding,$235K,div#main > div > div:nth-of-type(3) > div > div > div:nth-of-type(4) > div:nth-of-type(2) > div:nth-of-type(3) > div > div:nth-of-type(2) > button,button,True,https://app.allsci.com/hypothesis/ASC-HY-0000006048989-1.0-1717626337,AllSci,,hypothesis_detail
button_metric,Total citations,126,div#main > div > div:nth-of-type(3) > div > div > div:nth-of-type(4) > div:nth-of-type(2) > div:nth-of-type(2) > div > div:nth-of-type(2) > button,button,True,https://app.allsci.com/hypothesis/ASC-HY-0000007057289-1.0-1717626406,AllSci,,hypothesis_detail
button_metric,Total funding,$71K,div#main > div > div:nth-of-type(3) > div > div > div:nth-of-type(4) > div:nth-of-type(2) > div:nth-of-type(3) > div > div:nth-of-type(2) > button,button,True,https://app.allsci.com/hypothesis/ASC-HY-0000007057289-1.0-1717626406,AllSci,,hypothesis_detail
button_metric,Total contributions,26,div#0author_data > div:nth-of-type(3) > div > button,button,True,https://app.allsci.com/hypothesis/ASC-HY-0000010173196-1.0-1717626657/contributors,AllSci,,hypothesis_detail
button_metric,Total citations,139,div#0author_data > div:nth-of-type(3) > div > button:nth-of-type(2),button,True,https://app.allsci.com/hypothesis/ASC-HY-0000010173196-1.0-1717626657/contributors,AllSci,,hypothesis_detail
button_metric,H-index,6,div#0author_data > div:nth-of-type(3) > div > button:nth-of-type(4),button,True,https://app.allsci.com/hypothesis/ASC-HY-0000010173196-1.0-1717626657/contributors,AllSci,,hypothesis_detail
button_metric,Total contributions,26,div#1author_data > div:nth-of-type(3) > div > button,button,True,https://app.allsci.com/hypothesis/ASC-HY-0000010173196-1.0-1717626657/contributors,AllSci,,hypothesis_detail
button_metric,Total citations,85,div#1author_data > div:nth-of-type(3) > div > button:nth-of-type(2),button,True,https://app.allsci.com/hypothesis/ASC-HY-0000010173196-1.0-1717626657/contributors,AllSci,,hypothesis_detail
button_metric,H-index,4,div#1author_data > div:nth-of-type(3) > div > button:nth-of-type(4),button,True,https://app.allsci.com/hypothesis/ASC-HY-0000010173196-1.0-1717626657/contributors,AllSci,,hypothesis_detail
button_metric,Total contributions,4,div#2author_data > div:nth-of-type(3) > div > button,button,True,https://app.allsci.com/hypothesis/ASC-HY-0000010173196-1.0-1717626657/contributors,AllSci,,hypothesis_detail
button_metric,Total citations,19,div#2author_data > div:nth-of-type(3) > div > button:nth-of-type(2),button,True,https://app.allsci.com/hypothesis/ASC-HY-0000010173196-1.0-1717626657/contributors,AllSci,,hypothesis_detail
button_metric,H-index,1,div#2author_data > div:nth-of-type(3) > div > button:nth-of-type(4),button,True,https://app.allsci.com/hypothesis/ASC-HY-0000010173196-1.0-1717626657/contributors,AllSci,,hypothesis_detail
button_metric,Total contributions,85,div#3author_data > div:nth-of-type(3) > div > button,button,True,https://app.allsci.com/hypothesis/ASC-HY-0000010173196-1.0-1717626657/contributors,AllSci,,hypothesis_detail
button_metric,Total citations,538,div#3author_data > div:nth-of-type(3) > div > button:nth-of-type(2),button,True,https://app.allsci.com/hypothesis/ASC-HY-0000010173196-1.0-1717626657/contributors,AllSci,,hypothesis_detail
button_metric,H-index,15,div#3author_data > div:nth-of-type(3) > div > button:nth-of-type(4),button,True,https://app.allsci.com/hypothesis/ASC-HY-0000010173196-1.0-1717626657/contributors,AllSci,,hypothesis_detail
button_metric,Total contributions,127,div#4author_data > div:nth-of-type(3) > div > button,button,True,https://app.allsci.com/hypothesis/ASC-HY-0000010173196-1.0-1717626657/contributors,AllSci,,hypothesis_detail
button_metric,Total citations,"6,107",div#4author_data > div:nth-of-type(3) > div > button:nth-of-type(2),button,True,https://app.allsci.com/hypothesis/ASC-HY-0000010173196-1.0-1717626657/contributors,AllSci,,hypothesis_detail
button_metric,H-index,26,div#4author_data > div:nth-of-type(3) > div > button:nth-of-type(4),button,True,https://app.allsci.com/hypothesis/ASC-HY-0000010173196-1.0-1717626657/contributors,AllSci,,hypothesis_detail
button_metric,Total contributions,71,div#0author_data > div:nth-of-type(3) > div > button,button,True,https://app.allsci.com/hypothesis/ASC-HY-0000008751210-1.0-1717626562/contributors,AllSci,,hypothesis_detail
button_metric,Total citations,544,div#0author_data > div:nth-of-type(3) > div > button:nth-of-type(2),button,True,https://app.allsci.com/hypothesis/ASC-HY-0000008751210-1.0-1717626562/contributors,AllSci,,hypothesis_detail
button_metric,H-index,14,div#0author_data > div:nth-of-type(3) > div > button:nth-of-type(4),button,True,https://app.allsci.com/hypothesis/ASC-HY-0000008751210-1.0-1717626562/contributors,AllSci,,hypothesis_detail
button_metric,Total contributions,165,div#1author_data > div:nth-of-type(3) > div > button,button,True,https://app.allsci.com/hypothesis/ASC-HY-0000008751210-1.0-1717626562/contributors,AllSci,,hypothesis_detail
button_metric,Total citations,"2,588",div#1author_data > div:nth-of-type(3) > div > button:nth-of-type(2),button,True,https://app.allsci.com/hypothesis/ASC-HY-0000008751210-1.0-1717626562/contributors,AllSci,,hypothesis_detail
button_metric,H-index,31,div#1author_data > div:nth-of-type(3) > div > button:nth-of-type(4),button,True,https://app.allsci.com/hypothesis/ASC-HY-0000008751210-1.0-1717626562/contributors,AllSci,,hypothesis_detail
button_metric,Total contributions,"1,431",div#2author_data > div:nth-of-type(3) > div > button,button,True,https://app.allsci.com/hypothesis/ASC-HY-0000008751210-1.0-1717626562/contributors,AllSci,,hypothesis_detail
button_metric,Total citations,"14,101",div#2author_data > div:nth-of-type(3) > div > button:nth-of-type(2),button,True,https://app.allsci.com/hypothesis/ASC-HY-0000008751210-1.0-1717626562/contributors,AllSci,,hypothesis_detail
button_metric,H-index,51,div#2author_data > div:nth-of-type(3) > div > button:nth-of-type(4),button,True,https://app.allsci.com/hypothesis/ASC-HY-0000008751210-1.0-1717626562/contributors,AllSci,,hypothesis_detail
button_metric,Total contributions,64,div#3author_data > div:nth-of-type(3) > div > button,button,True,https://app.allsci.com/hypothesis/ASC-HY-0000008751210-1.0-1717626562/contributors,AllSci,,hypothesis_detail
button_metric,Total citations,353,div#3author_data > div:nth-of-type(3) > div > button:nth-of-type(2),button,True,https://app.allsci.com/hypothesis/ASC-HY-0000008751210-1.0-1717626562/contributors,AllSci,,hypothesis_detail
button_metric,H-index,10,div#3author_data > div:nth-of-type(3) > div > button:nth-of-type(4),button,True,https://app.allsci.com/hypothesis/ASC-HY-0000008751210-1.0-1717626562/contributors,AllSci,,hypothesis_detail
button_metric,Total contributions,31,div#4author_data > div:nth-of-type(3) > div > button,button,True,https://app.allsci.com/hypothesis/ASC-HY-0000008751210-1.0-1717626562/contributors,AllSci,,hypothesis_detail
button_metric,Total citations,369,div#4author_data > div:nth-of-type(3) > div > button:nth-of-type(2),button,True,https://app.allsci.com/hypothesis/ASC-HY-0000008751210-1.0-1717626562/contributors,AllSci,,hypothesis_detail
button_metric,H-index,8,div#4author_data > div:nth-of-type(3) > div > button:nth-of-type(4),button,True,https://app.allsci.com/hypothesis/ASC-HY-0000008751210-1.0-1717626562/contributors,AllSci,,hypothesis_detail
button_metric,Total contributions,265,div#5author_data > div:nth-of-type(3) > div > button,button,True,https://app.allsci.com/hypothesis/ASC-HY-0000008751210-1.0-1717626562/contributors,AllSci,,hypothesis_detail
button_metric,Total citations,"2,865",div#5author_data > div:nth-of-type(3) > div > button:nth-of-type(2),button,True,https://app.allsci.com/hypothesis/ASC-HY-0000008751210-1.0-1717626562/contributors,AllSci,,hypothesis_detail
button_metric,H-index,30,div#5author_data > div:nth-of-type(3) > div > button:nth-of-type(4),button,True,https://app.allsci.com/hypothesis/ASC-HY-0000008751210-1.0-1717626562/contributors,AllSci,,hypothesis_detail
button_metric,Total citations,26,div#main > div > div:nth-of-type(3) > div:nth-of-type(2) > div > div:nth-of-type(2) > div > div:nth-of-type(2) > button,button,True,https://app.allsci.com/hypothesis/ASC-HY-0000003303887-1.0-1717626136/related,AllSci,,hypothesis_detail
button_metric,Total citations,22,div#main > div > div:nth-of-type(3) > div:nth-of-type(2) > div > div:nth-of-type(3) > div > div:nth-of-type(2) > button,button,True,https://app.allsci.com/hypothesis/ASC-HY-0000003303887-1.0-1717626136/related,AllSci,,hypothesis_detail
button_metric,Total citations,15,div#main > div > div:nth-of-type(3) > div:nth-of-type(2) > div > div:nth-of-type(4) > div > div:nth-of-type(2) > button,button,True,https://app.allsci.com/hypothesis/ASC-HY-0000003303887-1.0-1717626136/related,AllSci,,hypothesis_detail
button_metric,Total funding,$215K,div#main > div > div:nth-of-type(3) > div:nth-of-type(3) > div > div:nth-of-type(2) > div > div:nth-of-type(2) > button,button,True,https://app.allsci.com/hypothesis/ASC-HY-0000003303887-1.0-1717626136/related,AllSci,,hypothesis_detail
button_metric,Total funding,$328K,div#main > div > div:nth-of-type(3) > div:nth-of-type(3) > div > div:nth-of-type(4) > div > div:nth-of-type(2) > button,button,True,https://app.allsci.com/hypothesis/ASC-HY-0000003303887-1.0-1717626136/related,AllSci,,hypothesis_detail
button_metric,Total citations,7,div#main > div > div:nth-of-type(3) > div:nth-of-type(3) > div > div:nth-of-type(2) > div:nth-of-type(2) > div > div:nth-of-type(3) > div > div > div:nth-of-type(2) > button,button,True,https://app.allsci.com/hypothesis/ASC-HY-0000009704790-1.0-1717626628/evidence,AllSci,,hypothesis_detail
button_metric,Total citations,5,div#main > div > div:nth-of-type(3) > div:nth-of-type(3) > div:nth-of-type(2) > div:nth-of-type(2) > div:nth-of-type(2) > div > div:nth-of-type(3) > div > div > div:nth-of-type(2) > button,button,True,https://app.allsci.com/hypothesis/ASC-HY-0000009704790-1.0-1717626628/evidence,AllSci,,hypothesis_detail
button_metric,Total citations,3,div#main > div > div:nth-of-type(3) > div:nth-of-type(3) > div:nth-of-type(3) > div:nth-of-type(2) > div:nth-of-type(2) > div > div:nth-of-type(3) > div > div > div:nth-of-type(2) > button,button,True,https://app.allsci.com/hypothesis/ASC-HY-0000009704790-1.0-1717626628/evidence,AllSci,,hypothesis_detail
button_metric,Total citations,21,div#main > div > div:nth-of-type(3) > div:nth-of-type(3) > div:nth-of-type(4) > div:nth-of-type(2) > div:nth-of-type(2) > div > div:nth-of-type(3) > div > div > div:nth-of-type(2) > button,button,True,https://app.allsci.com/hypothesis/ASC-HY-0000009704790-1.0-1717626628/evidence,AllSci,,hypothesis_detail
button_metric,Total citations,18,div#main > div > div:nth-of-type(3) > div:nth-of-type(3) > div:nth-of-type(5) > div:nth-of-type(2) > div:nth-of-type(2) > div > div:nth-of-type(3) > div > div > div:nth-of-type(2) > button,button,True,https://app.allsci.com/hypothesis/ASC-HY-0000009704790-1.0-1717626628/evidence,AllSci,,hypothesis_detail
button_metric,Total citations,15,div#main > div > div:nth-of-type(3) > div:nth-of-type(3) > div:nth-of-type(6) > div:nth-of-type(2) > div:nth-of-type(2) > div > div:nth-of-type(3) > div > div > div:nth-of-type(2) > button,button,True,https://app.allsci.com/hypothesis/ASC-HY-0000009704790-1.0-1717626628/evidence,AllSci,,hypothesis_detail
button_metric,Total citations,37,div#main > div > div:nth-of-type(3) > div:nth-of-type(3) > div:nth-of-type(7) > div:nth-of-type(2) > div:nth-of-type(2) > div > div:nth-of-type(3) > div > div > div:nth-of-type(2) > button,button,True,https://app.allsci.com/hypothesis/ASC-HY-0000009704790-1.0-1717626628/evidence,AllSci,,hypothesis_detail
button_metric,Total citations,0,div#main > div > div:nth-of-type(3) > div:nth-of-type(3) > div:nth-of-type(8) > div:nth-of-type(2) > div:nth-of-type(2) > div > div:nth-of-type(3) > div > div > div:nth-of-type(2) > button,button,True,https://app.allsci.com/hypothesis/ASC-HY-0000009704790-1.0-1717626628/evidence,AllSci,,hypothesis_detail
button_metric,Total citations,7,div#main > div > div:nth-of-type(3) > div:nth-of-type(3) > div:nth-of-type(9) > div:nth-of-type(2) > div:nth-of-type(2) > div > div:nth-of-type(3) > div > div > div:nth-of-type(2) > button,button,True,https://app.allsci.com/hypothesis/ASC-HY-0000009704790-1.0-1717626628/evidence,AllSci,,hypothesis_detail
button_metric,Total citations,28,div#main > div > div:nth-of-type(3) > div:nth-of-type(3) > div:nth-of-type(10) > div:nth-of-type(2) > div:nth-of-type(2) > div > div:nth-of-type(3) > div > div > div:nth-of-type(2) > button,button,True,https://app.allsci.com/hypothesis/ASC-HY-0000009704790-1.0-1717626628/evidence,AllSci,,hypothesis_detail
button_metric,Total citations,25,div#main > div > div:nth-of-type(3) > div:nth-of-type(3) > div:nth-of-type(11) > div:nth-of-type(2) > div:nth-of-type(2) > div > div:nth-of-type(3) > div > div > div:nth-of-type(2) > button,button,True,https://app.allsci.com/hypothesis/ASC-HY-0000009704790-1.0-1717626628/evidence,AllSci,,hypothesis_detail
button_metric,Total citations,1,div#main > div > div:nth-of-type(3) > div:nth-of-type(3) > div:nth-of-type(13) > div:nth-of-type(2) > div:nth-of-type(2) > div > div:nth-of-type(3) > div > div > div:nth-of-type(2) > button,button,True,https://app.allsci.com/hypothesis/ASC-HY-0000009704790-1.0-1717626628/evidence,AllSci,,hypothesis_detail
button_metric,Total citations,30,div#main > div > div:nth-of-type(3) > div:nth-of-type(2) > div > div:nth-of-type(2) > div > div:nth-of-type(2) > button,button,True,https://app.allsci.com/hypothesis/ASC-HY-0000009704790-1.0-1717626628/related,AllSci,,hypothesis_detail
button_metric,Total citations,24,div#main > div > div:nth-of-type(3) > div:nth-of-type(2) > div > div:nth-of-type(3) > div > div:nth-of-type(2) > button,button,True,https://app.allsci.com/hypothesis/ASC-HY-0000009704790-1.0-1717626628/related,AllSci,,hypothesis_detail
button_metric,Total citations,15,div#main > div > div:nth-of-type(3) > div:nth-of-type(2) > div > div:nth-of-type(4) > div > div:nth-of-type(2) > button,button,True,https://app.allsci.com/hypothesis/ASC-HY-0000009704790-1.0-1717626628/related,AllSci,,hypothesis_detail
button_metric,Total funding,$300K,div#main > div > div:nth-of-type(3) > div:nth-of-type(3) > div > div:nth-of-type(2) > div > div:nth-of-type(2) > button,button,True,https://app.allsci.com/hypothesis/ASC-HY-0000009704790-1.0-1717626628/related,AllSci,,hypothesis_detail
button_metric,Total funding,$303K,div#main > div > div:nth-of-type(3) > div:nth-of-type(3) > div > div:nth-of-type(3) > div > div:nth-of-type(2) > button,button,True,https://app.allsci.com/hypothesis/ASC-HY-0000009704790-1.0-1717626628/related,AllSci,,hypothesis_detail
button_metric,Total funding,$72K,div#main > div > div:nth-of-type(3) > div:nth-of-type(3) > div > div:nth-of-type(4) > div > div:nth-of-type(2) > button,button,True,https://app.allsci.com/hypothesis/ASC-HY-0000009704790-1.0-1717626628/related,AllSci,,hypothesis_detail
